Problem,Provider,OperationKind,Operation,Disposition,Status,gemm_kind,m,n,k,A,B,C,D,alpha,beta,split_k_mode,split_k_slices,batch_count,raster_order,runtime_input_datatype_a,runtime_input_datatype_b,use_pdl,enable_sm90_mixed_dtype_shuffle_test,swizzle_size,op_class,accum,cta_m,cta_n,cta_k,cluster_m,cluster_n,cluster_k,cluster_m_fallback,cluster_n_fallback,cluster_k_fallback,stages,warps_m,warps_n,warps_k,inst_m,inst_n,inst_k,min_cc,max_cc,Bytes,Flops,Flops/Byte,Runtime,GB/s,GFLOPs
1,CUTLASS,gemm,cutlass_simt_sgemm_128x128_8x2_nn_align1,passed,success,universal,8192,8192,8192,f32:column,f32:column,f32:column,f32:column,1,1,serial,1,1,heuristic,invalid,invalid,false,false,1,simt,f32,128,128,8,1,1,1,0,0,0,2,4,2,1,1,1,1,50,1024,1073741824,1099645845504,1024,22.5017,44.4411,48869.5
1,CUTLASS,gemm,cutlass_simt_sgemm_128x128_8x2_nt_align1,passed,success,universal,8192,8192,8192,f32:column,f32:row,f32:column,f32:column,1,1,serial,1,1,heuristic,invalid,invalid,false,false,1,simt,f32,128,128,8,1,1,1,0,0,0,2,4,2,1,1,1,1,50,1024,1073741824,1099645845504,1024,22.4971,44.4502,48879.5
1,CUTLASS,gemm,cutlass_simt_sgemm_128x128_8x2_tn_align1,passed,success,universal,8192,8192,8192,f32:row,f32:column,f32:column,f32:column,1,1,serial,1,1,heuristic,invalid,invalid,false,false,1,simt,f32,128,128,8,1,1,1,0,0,0,2,4,2,1,1,1,1,50,1024,1073741824,1099645845504,1024,23.0607,43.3638,47684.9
1,CUTLASS,gemm,cutlass_simt_sgemm_128x128_8x2_tt_align1,passed,success,universal,8192,8192,8192,f32:row,f32:row,f32:column,f32:column,1,1,serial,1,1,heuristic,invalid,invalid,false,false,1,simt,f32,128,128,8,1,1,1,0,0,0,2,4,2,1,1,1,1,50,1024,1073741824,1099645845504,1024,22.4383,44.5667,49007.5
1,CUTLASS,gemm,cutlass_simt_dgemm_128x128_8x2_nn_align1,passed,success,universal,8192,8192,8192,f64:column,f64:column,f64:column,f64:column,1,1,serial,1,1,heuristic,invalid,invalid,false,false,1,simt,f64,128,128,8,1,1,1,0,0,0,2,4,2,1,1,1,1,50,1024,2147483648,1099645845504,512,792.871,2.52248,1386.92
1,CUTLASS,gemm,cutlass_simt_dgemm_128x128_8x2_nt_align1,passed,success,universal,8192,8192,8192,f64:column,f64:row,f64:column,f64:column,1,1,serial,1,1,heuristic,invalid,invalid,false,false,1,simt,f64,128,128,8,1,1,1,0,0,0,2,4,2,1,1,1,1,50,1024,2147483648,1099645845504,512,793.213,2.52139,1386.32
1,CUTLASS,gemm,cutlass_simt_dgemm_128x128_8x2_tn_align1,passed,success,universal,8192,8192,8192,f64:row,f64:column,f64:column,f64:column,1,1,serial,1,1,heuristic,invalid,invalid,false,false,1,simt,f64,128,128,8,1,1,1,0,0,0,2,4,2,1,1,1,1,50,1024,2147483648,1099645845504,512,791.711,2.52618,1388.95
1,CUTLASS,gemm,cutlass_simt_dgemm_128x128_8x2_tt_align1,passed,success,universal,8192,8192,8192,f64:row,f64:row,f64:column,f64:column,1,1,serial,1,1,heuristic,invalid,invalid,false,false,1,simt,f64,128,128,8,1,1,1,0,0,0,2,4,2,1,1,1,1,50,1024,2147483648,1099645845504,512,792.195,2.52463,1388.1
1,CUTLASS,gemm,cutlass_simt_cgemm_128x64_8x2_nn_align1,passed,success,universal,8192,8192,8192,cf32:column,cf32:column,cf32:column,cf32:column,1,1,serial,1,1,heuristic,invalid,invalid,false,false,1,simt,cf32,128,64,8,1,1,1,0,0,0,2,2,2,1,1,1,1,50,1024,2147483648,4398583382016,2048,76.9307,25.9974,57175.9
1,CUTLASS,gemm,cutlass_simt_cgemm_128x64_8x2_nt_align1,passed,success,universal,8192,8192,8192,cf32:column,cf32:row,cf32:column,cf32:column,1,1,serial,1,1,heuristic,invalid,invalid,false,false,1,simt,cf32,128,64,8,1,1,1,0,0,0,2,2,2,1,1,1,1,50,1024,2147483648,4398583382016,2048,76.5444,26.1286,57464.5
1,CUTLASS,gemm,cutlass_simt_cgemm_128x64_8x2_tn_align1,passed,success,universal,8192,8192,8192,cf32:row,cf32:column,cf32:column,cf32:column,1,1,serial,1,1,heuristic,invalid,invalid,false,false,1,simt,cf32,128,64,8,1,1,1,0,0,0,2,2,2,1,1,1,1,50,1024,2147483648,4398583382016,2048,77.4968,25.8075,56758.2
1,CUTLASS,gemm,cutlass_simt_cgemm_128x64_8x2_tt_align1,passed,success,universal,8192,8192,8192,cf32:row,cf32:row,cf32:column,cf32:column,1,1,serial,1,1,heuristic,invalid,invalid,false,false,1,simt,cf32,128,64,8,1,1,1,0,0,0,2,2,2,1,1,1,1,50,1024,2147483648,4398583382016,2048,77.1524,25.9227,57011.7
1,CUTLASS,gemm,cutlass_simt_hgemm_256x128_8x2_nn_align1,passed,success,universal,8192,8192,8192,f16:column,f16:column,f16:column,f16:column,1,1,serial,1,1,heuristic,invalid,invalid,false,false,1,simt,f16,256,128,8,1,1,1,0,0,0,2,4,2,1,1,1,1,50,1024,536870912,1099645845504,2048,15.5905,32.0708,70533.1
1,CUTLASS,gemm,cutlass_simt_hgemm_256x128_8x2_nt_align1,passed,success,universal,8192,8192,8192,f16:column,f16:row,f16:column,f16:column,1,1,serial,1,1,heuristic,invalid,invalid,false,false,1,simt,f16,256,128,8,1,1,1,0,0,0,2,4,2,1,1,1,1,50,1024,536870912,1099645845504,2048,15.2303,32.8294,72201.4
1,CUTLASS,gemm,cutlass_simt_hgemm_256x128_8x2_tn_align1,passed,success,universal,8192,8192,8192,f16:row,f16:column,f16:column,f16:column,1,1,serial,1,1,heuristic,invalid,invalid,false,false,1,simt,f16,256,128,8,1,1,1,0,0,0,2,4,2,1,1,1,1,50,1024,536870912,1099645845504,2048,15.6326,31.9845,70343.2
1,CUTLASS,gemm,cutlass_simt_hgemm_256x128_8x2_tt_align1,passed,success,universal,8192,8192,8192,f16:row,f16:row,f16:column,f16:column,1,1,serial,1,1,heuristic,invalid,invalid,false,false,1,simt,f16,256,128,8,1,1,1,0,0,0,2,4,2,1,1,1,1,50,1024,536870912,1099645845504,2048,15.3133,32.6514,71809.9
1,CUTLASS,gemm,cutlass_simt_igemm_s8_128x128_32x2_nn_align1,passed,success,universal,8192,8192,8192,s8:column,s8:column,s32:column,s32:column,1,1,serial,1,1,heuristic,invalid,invalid,false,false,1,simt,s32,128,128,32,1,1,1,0,0,0,2,4,2,1,1,1,4,50,1024,671088640,1099645845504,1638,7.42523,84.1725,148096
1,CUTLASS,gemm,cutlass_simt_igemm_s8_128x128_32x2_nt_align1,passed,success,universal,8192,8192,8192,s8:column,s8:row,s32:column,s32:column,1,1,serial,1,1,heuristic,invalid,invalid,false,false,1,simt,s32,128,128,32,1,1,1,0,0,0,2,4,2,1,1,1,4,50,1024,671088640,1099645845504,1638,7.32867,85.2816,150047
1,CUTLASS,gemm,cutlass_simt_igemm_s8_128x128_32x2_tn_align1,passed,success,universal,8192,8192,8192,s8:row,s8:column,s32:column,s32:column,1,1,serial,1,1,heuristic,invalid,invalid,false,false,1,simt,s32,128,128,32,1,1,1,0,0,0,2,4,2,1,1,1,4,50,1024,671088640,1099645845504,1638,7.35519,84.974,149506
1,CUTLASS,gemm,cutlass_simt_igemm_s8_128x128_32x2_tt_align1,passed,success,universal,8192,8192,8192,s8:row,s8:row,s32:column,s32:column,1,1,serial,1,1,heuristic,invalid,invalid,false,false,1,simt,s32,128,128,32,1,1,1,0,0,0,2,4,2,1,1,1,4,50,1024,671088640,1099645845504,1638,7.35171,85.0143,149577
1,CUTLASS,gemm,cutlass_simt_s8_igemm_s8_128x128_32x2_nn_align1,passed,success,universal,8192,8192,8192,s8:column,s8:column,s8:column,s8:column,1,1,serial,1,1,heuristic,invalid,invalid,false,false,1,simt,s32,128,128,32,1,1,1,0,0,0,2,4,2,1,1,1,4,50,1024,268435456,1099645845504,4096,7.27931,34.3439,151065
1,CUTLASS,gemm,cutlass_simt_s8_igemm_s8_128x128_32x2_nt_align1,passed,success,universal,8192,8192,8192,s8:column,s8:row,s8:column,s8:column,1,1,serial,1,1,heuristic,invalid,invalid,false,false,1,simt,s32,128,128,32,1,1,1,0,0,0,2,4,2,1,1,1,4,50,1024,268435456,1099645845504,4096,7.31269,34.1871,150375
1,CUTLASS,gemm,cutlass_simt_s8_igemm_s8_128x128_32x2_tn_align1,passed,success,universal,8192,8192,8192,s8:row,s8:column,s8:column,s8:column,1,1,serial,1,1,heuristic,invalid,invalid,false,false,1,simt,s32,128,128,32,1,1,1,0,0,0,2,4,2,1,1,1,4,50,1024,268435456,1099645845504,4096,7.39174,33.8215,148767
1,CUTLASS,gemm,cutlass_simt_s8_igemm_s8_128x128_32x2_tt_align1,passed,success,universal,8192,8192,8192,s8:row,s8:row,s8:column,s8:column,1,1,serial,1,1,heuristic,invalid,invalid,false,false,1,simt,s32,128,128,32,1,1,1,0,0,0,2,4,2,1,1,1,4,50,1024,268435456,1099645845504,4096,7.31525,34.1752,150322
1,CUTLASS,gemm,cutlass_tensorop_s1688gemm_f16_256x128_32x2_nn_align8,passed,success,universal,8192,8192,8192,f16:column,f16:column,f32:column,f32:column,1,1,serial,1,1,heuristic,invalid,invalid,false,false,1,tensorop,f32,256,128,32,1,1,1,0,0,0,2,4,2,1,16,8,8,75,1024,805306368,1099645845504,1365,7.73386,96.9761,142186
1,CUTLASS,gemm,cutlass_tensorop_s1688gemm_f16_256x128_32x2_nt_align8,passed,success,universal,8192,8192,8192,f16:column,f16:row,f32:column,f32:column,1,1,serial,1,1,heuristic,invalid,invalid,false,false,1,tensorop,f32,256,128,32,1,1,1,0,0,0,2,4,2,1,16,8,8,75,1024,805306368,1099645845504,1365,7.75086,96.7634,141874
1,CUTLASS,gemm,cutlass_tensorop_s1688gemm_f16_256x128_32x2_tn_align8,passed,success,universal,8192,8192,8192,f16:row,f16:column,f32:column,f32:column,1,1,serial,1,1,heuristic,invalid,invalid,false,false,1,tensorop,f32,256,128,32,1,1,1,0,0,0,2,4,2,1,16,8,8,75,1024,805306368,1099645845504,1365,7.45605,100.589,147484
1,CUTLASS,gemm,cutlass_tensorop_s1688gemm_f16_256x128_32x2_tt_align8,passed,success,universal,8192,8192,8192,f16:row,f16:row,f32:column,f32:column,1,1,serial,1,1,heuristic,invalid,invalid,false,false,1,tensorop,f32,256,128,32,1,1,1,0,0,0,2,4,2,1,16,8,8,75,1024,805306368,1099645845504,1365,7.61996,98.4257,144311
1,CUTLASS,gemm,cutlass_tensorop_f16_s1688gemm_f16_256x128_32x2_nn_align8,passed,success,universal,8192,8192,8192,f16:column,f16:column,f16:column,f16:column,1,1,serial,1,1,heuristic,invalid,invalid,false,false,1,tensorop,f32,256,128,32,1,1,1,0,0,0,2,4,2,1,16,8,8,75,1024,536870912,1099645845504,2048,7.56541,66.0902,145352
1,CUTLASS,gemm,cutlass_tensorop_f16_s1688gemm_f16_256x128_32x2_nt_align8,passed,success,universal,8192,8192,8192,f16:column,f16:row,f16:column,f16:column,1,1,serial,1,1,heuristic,invalid,invalid,false,false,1,tensorop,f32,256,128,32,1,1,1,0,0,0,2,4,2,1,16,8,8,75,1024,536870912,1099645845504,2048,7.55548,66.1771,145543
1,CUTLASS,gemm,cutlass_tensorop_f16_s1688gemm_f16_256x128_32x2_tn_align8,passed,success,universal,8192,8192,8192,f16:row,f16:column,f16:column,f16:column,1,1,serial,1,1,heuristic,invalid,invalid,false,false,1,tensorop,f32,256,128,32,1,1,1,0,0,0,2,4,2,1,16,8,8,75,1024,536870912,1099645845504,2048,7.41439,67.4364,148312
1,CUTLASS,gemm,cutlass_tensorop_f16_s1688gemm_f16_256x128_32x2_tt_align8,passed,success,universal,8192,8192,8192,f16:row,f16:row,f16:column,f16:column,1,1,serial,1,1,heuristic,invalid,invalid,false,false,1,tensorop,f32,256,128,32,1,1,1,0,0,0,2,4,2,1,16,8,8,75,1024,536870912,1099645845504,2048,7.49804,66.6841,146658
1,CUTLASS,gemm,cutlass_tensorop_h1688gemm_256x128_32x2_nn_align8,passed,success,universal,8192,8192,8192,f16:column,f16:column,f16:column,f16:column,1,1,serial,1,1,heuristic,invalid,invalid,false,false,1,tensorop,f16,256,128,32,1,1,1,0,0,0,2,4,2,1,16,8,8,75,1024,536870912,1099645845504,2048,5.01484,99.7042,219279
1,CUTLASS,gemm,cutlass_tensorop_h1688gemm_256x128_32x2_nt_align8,passed,success,universal,8192,8192,8192,f16:column,f16:row,f16:column,f16:column,1,1,serial,1,1,heuristic,invalid,invalid,false,false,1,tensorop,f16,256,128,32,1,1,1,0,0,0,2,4,2,1,16,8,8,75,1024,536870912,1099645845504,2048,4.43792,112.665,247784
1,CUTLASS,gemm,cutlass_tensorop_h1688gemm_256x128_32x2_tn_align8,passed,success,universal,8192,8192,8192,f16:row,f16:column,f16:column,f16:column,1,1,serial,1,1,heuristic,invalid,invalid,false,false,1,tensorop,f16,256,128,32,1,1,1,0,0,0,2,4,2,1,16,8,8,75,1024,536870912,1099645845504,2048,4.96374,100.731,221536
1,CUTLASS,gemm,cutlass_tensorop_h1688gemm_256x128_32x2_tt_align8,passed,success,universal,8192,8192,8192,f16:row,f16:row,f16:column,f16:column,1,1,serial,1,1,heuristic,invalid,invalid,false,false,1,tensorop,f16,256,128,32,1,1,1,0,0,0,2,4,2,1,16,8,8,75,1024,536870912,1099645845504,2048,4.21489,118.627,260896
1,CUTLASS,gemm,cutlass_tensorop_i8816gemm_s8_256x128_64x2_tn_align16,passed,success,universal,8192,8192,8192,s8:row,s8:column,s32:column,s32:column,1,1,serial,1,1,heuristic,invalid,invalid,false,false,1,tensorop,s32,256,128,64,1,1,1,0,0,0,2,4,2,1,8,8,16,75,1024,671088640,1099645845504,1638,2.29202,272.685,479772
1,CUTLASS,gemm,cutlass_tensorop_s8_i8816gemm_s8_256x128_64x2_tn_align16,passed,success,universal,8192,8192,8192,s8:row,s8:column,s8:column,s8:column,1,1,serial,1,1,heuristic,invalid,invalid,false,false,1,tensorop,s32,256,128,64,1,1,1,0,0,0,2,4,2,1,8,8,16,75,1024,268435456,1099645845504,4096,2.01402,124.13,545997
1,CUTLASS,gemm,cutlass_tensorop_i8816gemm_u8_256x128_64x2_tn_align16,passed,success,universal,8192,8192,8192,u8:row,u8:column,s32:column,s32:column,1,1,serial,1,1,heuristic,invalid,invalid,false,false,1,tensorop,s32,256,128,64,1,1,1,0,0,0,2,4,2,1,8,8,16,75,1024,671088640,1099645845504,1638,2.13811,292.314,514307
1,CUTLASS,gemm,cutlass_tensorop_u8_i8816gemm_u8_256x128_64x2_tn_align16,passed,success,universal,8192,8192,8192,u8:row,u8:column,u8:column,u8:column,1,1,serial,1,1,heuristic,invalid,invalid,false,false,1,tensorop,s32,256,128,64,1,1,1,0,0,0,2,4,2,1,8,8,16,75,1024,268435456,1099645845504,4096,1.77531,140.821,619411
1,CUTLASS,gemm,cutlass_tensorop_s8_i8816gemm_s8_256x128_64x2_n32t32_align16,not_verified,success,universal,8192,8192,8192,s8:nk32,s8:tk32,s8:nk32,s8:nk32,1,1,serial,1,1,heuristic,invalid,invalid,false,false,1,tensorop,s32,256,128,64,1,1,1,0,0,0,2,4,2,1,8,8,16,75,1024,268435456,1099645845504,4096,1.93362,129.291,568698
1,CUTLASS,gemm,cutlass_tensorop_u8_i8816gemm_u8_256x128_64x2_n32t32_align16,not_verified,success,universal,8192,8192,8192,u8:nk32,u8:tk32,u8:nk32,u8:nk32,1,1,serial,1,1,heuristic,invalid,invalid,false,false,1,tensorop,s32,256,128,64,1,1,1,0,0,0,2,4,2,1,8,8,16,75,1024,268435456,1099645845504,4096,1.70015,147.046,646794
1,CUTLASS,gemm,cutlass_tensorop_i8832gemm_s4_256x128_128x2_tn_align32,passed,success,universal,8192,8192,8192,s4:row,s4:column,s32:column,s32:column,1,1,serial,1,1,heuristic,invalid,invalid,false,false,1,tensorop,s32,256,128,128,1,1,1,0,0,0,2,4,2,1,8,8,32,75,1024,603979776,1099645845504,1820,1.33786,420.449,821946
1,CUTLASS,gemm,cutlass_tensorop_s4_i8832gemm_s4_256x128_128x2_tn_align32,passed,success,universal,8192,8192,8192,s4:row,s4:column,s4:column,s4:column,1,1,serial,1,1,heuristic,invalid,invalid,false,false,1,tensorop,s32,256,128,128,1,1,1,0,0,0,2,4,2,1,8,8,32,75,1024,134217728,1099645845504,8193,0.998298,125.213,1.10152e+06
1,CUTLASS,gemm,cutlass_tensorop_i8832gemm_u4_256x128_128x2_tn_align32,passed,success,universal,8192,8192,8192,u4:row,u4:column,s32:column,s32:column,1,1,serial,1,1,heuristic,invalid,invalid,false,false,1,tensorop,s32,256,128,128,1,1,1,0,0,0,2,4,2,1,8,8,32,75,1024,603979776,1099645845504,1820,1.25316,448.867,877502
1,CUTLASS,gemm,cutlass_tensorop_u4_i8832gemm_u4_256x128_128x2_tn_align32,passed,success,universal,8192,8192,8192,u4:row,u4:column,u4:column,u4:column,1,1,serial,1,1,heuristic,invalid,invalid,false,false,1,tensorop,s32,256,128,128,1,1,1,0,0,0,2,4,2,1,8,8,32,75,1024,134217728,1099645845504,8193,0.884019,141.4,1.24392e+06
1,CUTLASS,gemm,cutlass_tensorop_s4_i8832gemm_s4_256x128_128x2_n64t64_align32,not_verified,success,universal,8192,8192,8192,s4:nk64,s4:tk64,s4:nk64,s4:nk64,1,1,serial,1,1,heuristic,invalid,invalid,false,false,1,tensorop,s32,256,128,128,1,1,1,0,0,0,2,4,2,1,8,8,32,75,1024,134217728,1099645845504,8193,0.957926,130.49,1.14794e+06
1,CUTLASS,gemm,cutlass_tensorop_u4_i8832gemm_u4_256x128_128x2_n64t64_align32,not_verified,success,universal,8192,8192,8192,u4:nk64,u4:tk64,u4:nk64,u4:nk64,1,1,serial,1,1,heuristic,invalid,invalid,false,false,1,tensorop,s32,256,128,128,1,1,1,0,0,0,2,4,2,1,8,8,32,75,1024,134217728,1099645845504,8193,0.86231,144.959,1.27523e+06
1,CUTLASS,gemm,cutlass_tensorop_i88128xorgemm_b1_256x128_512x2_tn_align128,not_verified,success,universal,8192,8192,8192,b1:row,b1:column,s32:column,s32:column,1,1,serial,1,1,heuristic,invalid,invalid,false,false,1,tensorop,s32,256,128,512,1,1,1,0,0,0,2,4,2,1,8,8,128,75,1024,553648128,1099645845504,1986,0.721101,715.053,1.52495e+06
1,CUTLASS,gemm,cutlass_tensorop_s16816gemm_f16_256x128_32x3_nn_align8,passed,success,universal,8192,8192,8192,f16:column,f16:column,f32:column,f32:column,1,1,serial,1,1,heuristic,invalid,invalid,false,false,1,tensorop,f32,256,128,32,1,1,1,0,0,0,3,4,2,1,16,8,16,80,1024,805306368,1099645845504,1365,6.46739,115.966,170029
1,CUTLASS,gemm,cutlass_tensorop_s16816gemm_f16_256x128_32x3_nt_align8,passed,success,universal,8192,8192,8192,f16:column,f16:row,f32:column,f32:column,1,1,serial,1,1,heuristic,invalid,invalid,false,false,1,tensorop,f32,256,128,32,1,1,1,0,0,0,3,4,2,1,16,8,16,80,1024,805306368,1099645845504,1365,6.41014,117.002,171548
1,CUTLASS,gemm,cutlass_tensorop_s16816gemm_f16_256x128_32x3_tn_align8,passed,success,universal,8192,8192,8192,f16:row,f16:column,f32:column,f32:column,1,1,serial,1,1,heuristic,invalid,invalid,false,false,1,tensorop,f32,256,128,32,1,1,1,0,0,0,3,4,2,1,16,8,16,80,1024,805306368,1099645845504,1365,6.46646,115.983,170054
1,CUTLASS,gemm,cutlass_tensorop_s16816gemm_f16_256x128_32x3_tt_align8,passed,success,universal,8192,8192,8192,f16:row,f16:row,f32:column,f32:column,1,1,serial,1,1,heuristic,invalid,invalid,false,false,1,tensorop,f32,256,128,32,1,1,1,0,0,0,3,4,2,1,16,8,16,80,1024,805306368,1099645845504,1365,6.41249,116.959,171485
1,CUTLASS,gemm,cutlass_tensorop_f16_s16816gemm_f16_256x128_32x3_nn_align8,passed,success,universal,8192,8192,8192,f16:column,f16:column,f16:column,f16:column,1,1,serial,1,1,heuristic,invalid,invalid,false,false,1,tensorop,f32,256,128,32,1,1,1,0,0,0,3,4,2,1,16,8,16,80,1024,536870912,1099645845504,2048,6.36631,78.5384,172729
1,CUTLASS,gemm,cutlass_tensorop_f16_s16816gemm_f16_256x128_32x3_nt_align8,passed,success,universal,8192,8192,8192,f16:column,f16:row,f16:column,f16:column,1,1,serial,1,1,heuristic,invalid,invalid,false,false,1,tensorop,f32,256,128,32,1,1,1,0,0,0,3,4,2,1,16,8,16,80,1024,536870912,1099645845504,2048,6.33221,78.9614,173659
1,CUTLASS,gemm,cutlass_tensorop_f16_s16816gemm_f16_256x128_32x3_tn_align8,passed,success,universal,8192,8192,8192,f16:row,f16:column,f16:column,f16:column,1,1,serial,1,1,heuristic,invalid,invalid,false,false,1,tensorop,f32,256,128,32,1,1,1,0,0,0,3,4,2,1,16,8,16,80,1024,536870912,1099645845504,2048,6.36813,78.5159,172679
1,CUTLASS,gemm,cutlass_tensorop_f16_s16816gemm_f16_256x128_32x3_tt_align8,passed,success,universal,8192,8192,8192,f16:row,f16:row,f16:column,f16:column,1,1,serial,1,1,heuristic,invalid,invalid,false,false,1,tensorop,f32,256,128,32,1,1,1,0,0,0,3,4,2,1,16,8,16,80,1024,536870912,1099645845504,2048,6.34542,78.797,173298
1,CUTLASS,gemm,cutlass_tensorop_h16816gemm_256x128_32x3_nn_align8,passed,success,universal,8192,8192,8192,f16:column,f16:column,f16:column,f16:column,1,1,serial,1,1,heuristic,invalid,invalid,false,false,1,tensorop,f16,256,128,32,1,1,1,0,0,0,3,4,2,1,16,8,16,80,1024,536870912,1099645845504,2048,3.83058,130.529,287070
1,CUTLASS,gemm,cutlass_tensorop_h16816gemm_256x128_32x3_nt_align8,passed,success,universal,8192,8192,8192,f16:column,f16:row,f16:column,f16:column,1,1,serial,1,1,heuristic,invalid,invalid,false,false,1,tensorop,f16,256,128,32,1,1,1,0,0,0,3,4,2,1,16,8,16,80,1024,536870912,1099645845504,2048,3.64452,137.192,301726
1,CUTLASS,gemm,cutlass_tensorop_h16816gemm_256x128_32x3_tn_align8,passed,success,universal,8192,8192,8192,f16:row,f16:column,f16:column,f16:column,1,1,serial,1,1,heuristic,invalid,invalid,false,false,1,tensorop,f16,256,128,32,1,1,1,0,0,0,3,4,2,1,16,8,16,80,1024,536870912,1099645845504,2048,3.86956,129.213,284178
1,CUTLASS,gemm,cutlass_tensorop_h16816gemm_256x128_32x3_tt_align8,passed,success,universal,8192,8192,8192,f16:row,f16:row,f16:column,f16:column,1,1,serial,1,1,heuristic,invalid,invalid,false,false,1,tensorop,f16,256,128,32,1,1,1,0,0,0,3,4,2,1,16,8,16,80,1024,536870912,1099645845504,2048,3.78245,132.189,290723
1,CUTLASS,gemm,cutlass_tensorop_s16816gemm_bf16_256x128_32x3_nn_align8,passed,success,universal,8192,8192,8192,bf16:column,bf16:column,f32:column,f32:column,1,1,serial,1,1,heuristic,invalid,invalid,false,false,1,tensorop,f32,256,128,32,1,1,1,0,0,0,3,4,2,1,16,8,16,80,1024,805306368,1099645845504,1365,6.47066,115.908,169943
1,CUTLASS,gemm,cutlass_tensorop_s16816gemm_bf16_256x128_32x3_nt_align8,passed,success,universal,8192,8192,8192,bf16:column,bf16:row,f32:column,f32:column,1,1,serial,1,1,heuristic,invalid,invalid,false,false,1,tensorop,f32,256,128,32,1,1,1,0,0,0,3,4,2,1,16,8,16,80,1024,805306368,1099645845504,1365,6.41249,116.959,171485
1,CUTLASS,gemm,cutlass_tensorop_s16816gemm_bf16_256x128_32x3_tn_align8,passed,success,universal,8192,8192,8192,bf16:row,bf16:column,f32:column,f32:column,1,1,serial,1,1,heuristic,invalid,invalid,false,false,1,tensorop,f32,256,128,32,1,1,1,0,0,0,3,4,2,1,16,8,16,80,1024,805306368,1099645845504,1365,6.46941,115.93,169976
1,CUTLASS,gemm,cutlass_tensorop_s16816gemm_bf16_256x128_32x3_tt_align8,passed,success,universal,8192,8192,8192,bf16:row,bf16:row,f32:column,f32:column,1,1,serial,1,1,heuristic,invalid,invalid,false,false,1,tensorop,f32,256,128,32,1,1,1,0,0,0,3,4,2,1,16,8,16,80,1024,805306368,1099645845504,1365,6.42867,116.665,171053
1,CUTLASS,gemm,cutlass_tensorop_bf16_s16816gemm_bf16_256x128_32x3_nn_align8,passed,success,universal,8192,8192,8192,bf16:column,bf16:column,bf16:column,bf16:column,1,1,serial,1,1,heuristic,invalid,invalid,false,false,1,tensorop,f32,256,128,32,1,1,1,0,0,0,3,4,2,1,16,8,16,80,1024,536870912,1099645845504,2048,6.36723,78.5271,172704
1,CUTLASS,gemm,cutlass_tensorop_bf16_s16816gemm_bf16_256x128_32x3_nt_align8,passed,success,universal,8192,8192,8192,bf16:column,bf16:row,bf16:column,bf16:column,1,1,serial,1,1,heuristic,invalid,invalid,false,false,1,tensorop,f32,256,128,32,1,1,1,0,0,0,3,4,2,1,16,8,16,80,1024,536870912,1099645845504,2048,6.34624,78.7868,173275
1,CUTLASS,gemm,cutlass_tensorop_bf16_s16816gemm_bf16_256x128_32x3_tn_align8,passed,success,universal,8192,8192,8192,bf16:row,bf16:column,bf16:column,bf16:column,1,1,serial,1,1,heuristic,invalid,invalid,false,false,1,tensorop,f32,256,128,32,1,1,1,0,0,0,3,4,2,1,16,8,16,80,1024,536870912,1099645845504,2048,6.38085,78.3594,172335
1,CUTLASS,gemm,cutlass_tensorop_bf16_s16816gemm_bf16_256x128_32x3_tt_align8,passed,success,universal,8192,8192,8192,bf16:row,bf16:row,bf16:column,bf16:column,1,1,serial,1,1,heuristic,invalid,invalid,false,false,1,tensorop,f32,256,128,32,1,1,1,0,0,0,3,4,2,1,16,8,16,80,1024,536870912,1099645845504,2048,6.35812,78.6395,172951
1,CUTLASS,gemm,cutlass_tensorop_s1688gemm_tf32_256x128_16x3_nn_align4,passed,success,universal,8192,8192,8192,tf32:column,tf32:column,f32:column,f32:column,1,1,serial,1,1,heuristic,invalid,invalid,false,false,1,tensorop,f32,256,128,16,1,1,1,0,0,0,3,4,2,1,16,8,8,80,1024,1073741824,1099645845504,1024,12.6116,79.2921,87193.3
1,CUTLASS,gemm,cutlass_tensorop_s1688gemm_tf32_256x128_16x3_nt_align4,passed,success,universal,8192,8192,8192,tf32:column,tf32:row,f32:column,f32:column,1,1,serial,1,1,heuristic,invalid,invalid,false,false,1,tensorop,f32,256,128,16,1,1,1,0,0,0,3,4,2,1,16,8,8,80,1024,1073741824,1099645845504,1024,12.6234,79.2178,87111.5
1,CUTLASS,gemm,cutlass_tensorop_s1688gemm_tf32_256x128_16x3_tn_align4,passed,success,universal,8192,8192,8192,tf32:row,tf32:column,f32:column,f32:column,1,1,serial,1,1,heuristic,invalid,invalid,false,false,1,tensorop,f32,256,128,16,1,1,1,0,0,0,3,4,2,1,16,8,8,80,1024,1073741824,1099645845504,1024,12.6497,79.0534,86930.8
1,CUTLASS,gemm,cutlass_tensorop_s1688gemm_tf32_256x128_16x3_tt_align4,passed,success,universal,8192,8192,8192,tf32:row,tf32:row,f32:column,f32:column,1,1,serial,1,1,heuristic,invalid,invalid,false,false,1,tensorop,f32,256,128,16,1,1,1,0,0,0,3,4,2,1,16,8,8,80,1024,1073741824,1099645845504,1024,12.6245,79.2111,87104.2
1,CUTLASS,gemm,cutlass_tensorop_tf32_s1688gemm_tf32_256x128_16x3_nn_align4,passed,success,universal,8192,8192,8192,tf32:column,tf32:column,tf32:column,tf32:column,1,1,serial,1,1,heuristic,invalid,invalid,false,false,1,tensorop,f32,256,128,16,1,1,1,0,0,0,3,4,2,1,16,8,8,80,1024,1073741824,1099645845504,1024,12.678,78.8765,86736.3
1,CUTLASS,gemm,cutlass_tensorop_tf32_s1688gemm_tf32_256x128_16x3_nt_align4,passed,success,universal,8192,8192,8192,tf32:column,tf32:row,tf32:column,tf32:column,1,1,serial,1,1,heuristic,invalid,invalid,false,false,1,tensorop,f32,256,128,16,1,1,1,0,0,0,3,4,2,1,16,8,8,80,1024,1073741824,1099645845504,1024,12.6678,78.9402,86806.3
1,CUTLASS,gemm,cutlass_tensorop_tf32_s1688gemm_tf32_256x128_16x3_tn_align4,passed,success,universal,8192,8192,8192,tf32:row,tf32:column,tf32:column,tf32:column,1,1,serial,1,1,heuristic,invalid,invalid,false,false,1,tensorop,f32,256,128,16,1,1,1,0,0,0,3,4,2,1,16,8,8,80,1024,1073741824,1099645845504,1024,12.685,78.8332,86688.6
1,CUTLASS,gemm,cutlass_tensorop_tf32_s1688gemm_tf32_256x128_16x3_tt_align4,passed,success,universal,8192,8192,8192,tf32:row,tf32:row,tf32:column,tf32:column,1,1,serial,1,1,heuristic,invalid,invalid,false,false,1,tensorop,f32,256,128,16,1,1,1,0,0,0,3,4,2,1,16,8,8,80,1024,1073741824,1099645845504,1024,12.703,78.7214,86565.7
1,CUTLASS,gemm,cutlass_tensorop_s1688tf32gemm_256x128_16x3_nn_align4,passed,success,universal,8192,8192,8192,f32:column,f32:column,f32:column,f32:column,1,1,serial,1,1,heuristic,invalid,invalid,false,false,1,tensorop,f32,256,128,16,1,1,1,0,0,0,3,4,2,1,16,8,8,80,1024,1073741824,1099645845504,1024,12.7045,78.7125,86555.9
1,CUTLASS,gemm,cutlass_tensorop_s1688tf32gemm_256x128_16x3_nt_align4,passed,success,universal,8192,8192,8192,f32:column,f32:row,f32:column,f32:column,1,1,serial,1,1,heuristic,invalid,invalid,false,false,1,tensorop,f32,256,128,16,1,1,1,0,0,0,3,4,2,1,16,8,8,80,1024,1073741824,1099645845504,1024,12.712,78.6656,86504.3
1,CUTLASS,gemm,cutlass_tensorop_s1688tf32gemm_256x128_16x3_tn_align4,passed,success,universal,8192,8192,8192,f32:row,f32:column,f32:column,f32:column,1,1,serial,1,1,heuristic,invalid,invalid,false,false,1,tensorop,f32,256,128,16,1,1,1,0,0,0,3,4,2,1,16,8,8,80,1024,1073741824,1099645845504,1024,12.6759,78.8899,86751
1,CUTLASS,gemm,cutlass_tensorop_s1688tf32gemm_256x128_16x3_tt_align4,passed,success,universal,8192,8192,8192,f32:row,f32:row,f32:column,f32:column,1,1,serial,1,1,heuristic,invalid,invalid,false,false,1,tensorop,f32,256,128,16,1,1,1,0,0,0,3,4,2,1,16,8,8,80,1024,1073741824,1099645845504,1024,12.6523,79.0369,86912.6
1,CUTLASS,gemm,cutlass_tensorop_s1688f16gemm_256x128_16x3_nn_align4,passed,success,universal,8192,8192,8192,f32:column,f32:column,f32:column,f32:column,1,1,serial,1,1,heuristic,invalid,invalid,false,false,1,tensorop,f32,256,128,16,1,1,1,0,0,0,3,4,2,1,16,8,8,75,1024,1073741824,1099645845504,1024,7.49148,133.485,146786
1,CUTLASS,gemm,cutlass_tensorop_s1688f16gemm_256x128_16x3_nt_align4,passed,success,universal,8192,8192,8192,f32:column,f32:row,f32:column,f32:column,1,1,serial,1,1,heuristic,invalid,invalid,false,false,1,tensorop,f32,256,128,16,1,1,1,0,0,0,3,4,2,1,16,8,8,75,1024,1073741824,1099645845504,1024,7.28156,137.333,151018
1,CUTLASS,gemm,cutlass_tensorop_s1688f16gemm_256x128_16x3_tn_align4,passed,success,universal,8192,8192,8192,f32:row,f32:column,f32:column,f32:column,1,1,serial,1,1,heuristic,invalid,invalid,false,false,1,tensorop,f32,256,128,16,1,1,1,0,0,0,3,4,2,1,16,8,8,75,1024,1073741824,1099645845504,1024,7.19462,138.993,152843
1,CUTLASS,gemm,cutlass_tensorop_s1688f16gemm_256x128_16x3_tt_align4,passed,success,universal,8192,8192,8192,f32:row,f32:row,f32:column,f32:column,1,1,serial,1,1,heuristic,invalid,invalid,false,false,1,tensorop,f32,256,128,16,1,1,1,0,0,0,3,4,2,1,16,8,8,75,1024,1073741824,1099645845504,1024,7.23067,138.3,152081
1,CUTLASS,gemm,cutlass_tensorop_s1688bf16gemm_256x128_16x3_nn_align4,passed,success,universal,8192,8192,8192,f32:column,f32:column,f32:column,f32:column,1,1,serial,1,1,heuristic,invalid,invalid,false,false,1,tensorop,f32,256,128,16,1,1,1,0,0,0,3,4,2,1,16,8,8,80,1024,1073741824,1099645845504,1024,7.36615,135.756,149284
1,CUTLASS,gemm,cutlass_tensorop_s1688bf16gemm_256x128_16x3_nt_align4,passed,success,universal,8192,8192,8192,f32:column,f32:row,f32:column,f32:column,1,1,serial,1,1,heuristic,invalid,invalid,false,false,1,tensorop,f32,256,128,16,1,1,1,0,0,0,3,4,2,1,16,8,8,80,1024,1073741824,1099645845504,1024,7.20397,138.812,152644
1,CUTLASS,gemm,cutlass_tensorop_s1688bf16gemm_256x128_16x3_tn_align4,passed,success,universal,8192,8192,8192,f32:row,f32:column,f32:column,f32:column,1,1,serial,1,1,heuristic,invalid,invalid,false,false,1,tensorop,f32,256,128,16,1,1,1,0,0,0,3,4,2,1,16,8,8,80,1024,1073741824,1099645845504,1024,7.21613,138.578,152387
1,CUTLASS,gemm,cutlass_tensorop_s1688bf16gemm_256x128_16x3_tt_align4,passed,success,universal,8192,8192,8192,f32:row,f32:row,f32:column,f32:column,1,1,serial,1,1,heuristic,invalid,invalid,false,false,1,tensorop,f32,256,128,16,1,1,1,0,0,0,3,4,2,1,16,8,8,80,1024,1073741824,1099645845504,1024,7.10205,140.804,154835
1,CUTLASS,gemm,cutlass_tensorop_s1688gemm_128x128_16x4_nn_align4,passed,success,universal,8192,8192,8192,f32:column,f32:column,f32:column,f32:column,1,1,serial,1,1,heuristic,invalid,invalid,false,false,1,tensorop,f32,128,128,16,1,1,1,0,0,0,4,4,2,1,16,8,8,80,1024,1073741824,1099645845504,1024,40.6095,24.6248,27078.5
1,CUTLASS,gemm,cutlass_tensorop_s1688gemm_128x128_16x4_nt_align4,passed,success,universal,8192,8192,8192,f32:column,f32:row,f32:column,f32:column,1,1,serial,1,1,heuristic,invalid,invalid,false,false,1,tensorop,f32,128,128,16,1,1,1,0,0,0,4,4,2,1,16,8,8,80,1024,1073741824,1099645845504,1024,41.082,24.3416,26767.1
1,CUTLASS,gemm,cutlass_tensorop_s1688gemm_128x128_16x4_tn_align4,passed,success,universal,8192,8192,8192,f32:row,f32:column,f32:column,f32:column,1,1,serial,1,1,heuristic,invalid,invalid,false,false,1,tensorop,f32,128,128,16,1,1,1,0,0,0,4,4,2,1,16,8,8,80,1024,1073741824,1099645845504,1024,38.0703,26.2672,28884.6
1,CUTLASS,gemm,cutlass_tensorop_s1688gemm_128x128_16x4_tt_align4,passed,success,universal,8192,8192,8192,f32:row,f32:row,f32:column,f32:column,1,1,serial,1,1,heuristic,invalid,invalid,false,false,1,tensorop,f32,128,128,16,1,1,1,0,0,0,4,4,2,1,16,8,8,80,1024,1073741824,1099645845504,1024,38.085,26.257,28873.4
1,CUTLASS,gemm,cutlass_tensorop_c1688gemm_128x64_16x3_nn_align1,passed,success,universal,8192,8192,8192,cf32:column,cf32:column,cf32:column,cf32:column,1,1,serial,1,1,heuristic,invalid,invalid,false,false,1,tensorop,cf32,128,64,16,1,1,1,0,0,0,3,4,2,1,16,8,8,80,1024,2147483648,4398583382016,2048,162.617,12.2989,27048.8
1,CUTLASS,gemm,cutlass_tensorop_c1688gemm_128x64_16x3_cn_align1,passed,success,universal,8192,8192,8192,cf32:column,cf32:column,cf32:column,cf32:column,1,1,serial,1,1,heuristic,invalid,invalid,false,false,1,tensorop,cf32,128,64,16,1,1,1,0,0,0,3,4,2,1,16,8,8,80,1024,2147483648,4398583382016,2048,155.552,12.8574,28277.2
1,CUTLASS,gemm,cutlass_tensorop_c1688gemm_128x64_16x3_nc_align1,passed,success,universal,8192,8192,8192,cf32:column,cf32:column,cf32:column,cf32:column,1,1,serial,1,1,heuristic,invalid,invalid,false,false,1,tensorop,cf32,128,64,16,1,1,1,0,0,0,3,4,2,1,16,8,8,80,1024,2147483648,4398583382016,2048,155.745,12.8415,28242.3
1,CUTLASS,gemm,cutlass_tensorop_c1688gemm_128x64_16x3_cc_align1,passed,success,universal,8192,8192,8192,cf32:column,cf32:column,cf32:column,cf32:column,1,1,serial,1,1,heuristic,invalid,invalid,false,false,1,tensorop,cf32,128,64,16,1,1,1,0,0,0,3,4,2,1,16,8,8,80,1024,2147483648,4398583382016,2048,159.652,12.5272,27551.1
1,CUTLASS,gemm,cutlass_tensorop_c1688gemm_128x64_16x3_nt_align1,passed,success,universal,8192,8192,8192,cf32:column,cf32:row,cf32:column,cf32:column,1,1,serial,1,1,heuristic,invalid,invalid,false,false,1,tensorop,cf32,128,64,16,1,1,1,0,0,0,3,4,2,1,16,8,8,80,1024,2147483648,4398583382016,2048,155.393,12.8706,28306.3
1,CUTLASS,gemm,cutlass_tensorop_c1688gemm_128x64_16x3_ct_align1,passed,success,universal,8192,8192,8192,cf32:column,cf32:row,cf32:column,cf32:column,1,1,serial,1,1,heuristic,invalid,invalid,false,false,1,tensorop,cf32,128,64,16,1,1,1,0,0,0,3,4,2,1,16,8,8,80,1024,2147483648,4398583382016,2048,157.052,12.7346,28007.2
1,CUTLASS,gemm,cutlass_tensorop_c1688gemm_128x64_16x3_nh_align1,passed,success,universal,8192,8192,8192,cf32:column,cf32:row,cf32:column,cf32:column,1,1,serial,1,1,heuristic,invalid,invalid,false,false,1,tensorop,cf32,128,64,16,1,1,1,0,0,0,3,4,2,1,16,8,8,80,1024,2147483648,4398583382016,2048,156.144,12.8087,28170.1
1,CUTLASS,gemm,cutlass_tensorop_c1688gemm_128x64_16x3_ch_align1,passed,success,universal,8192,8192,8192,cf32:column,cf32:row,cf32:column,cf32:column,1,1,serial,1,1,heuristic,invalid,invalid,false,false,1,tensorop,cf32,128,64,16,1,1,1,0,0,0,3,4,2,1,16,8,8,80,1024,2147483648,4398583382016,2048,155.747,12.8413,28241.8
1,CUTLASS,gemm,cutlass_tensorop_c1688gemm_128x64_16x3_tn_align1,passed,success,universal,8192,8192,8192,cf32:row,cf32:column,cf32:column,cf32:column,1,1,serial,1,1,heuristic,invalid,invalid,false,false,1,tensorop,cf32,128,64,16,1,1,1,0,0,0,3,4,2,1,16,8,8,80,1024,2147483648,4398583382016,2048,158.57,12.6127,27739
1,CUTLASS,gemm,cutlass_tensorop_c1688gemm_128x64_16x3_hn_align1,passed,success,universal,8192,8192,8192,cf32:row,cf32:column,cf32:column,cf32:column,1,1,serial,1,1,heuristic,invalid,invalid,false,false,1,tensorop,cf32,128,64,16,1,1,1,0,0,0,3,4,2,1,16,8,8,80,1024,2147483648,4398583382016,2048,157.29,12.7154,27964.8
1,CUTLASS,gemm,cutlass_tensorop_c1688gemm_128x64_16x3_tc_align1,passed,success,universal,8192,8192,8192,cf32:row,cf32:column,cf32:column,cf32:column,1,1,serial,1,1,heuristic,invalid,invalid,false,false,1,tensorop,cf32,128,64,16,1,1,1,0,0,0,3,4,2,1,16,8,8,80,1024,2147483648,4398583382016,2048,158.474,12.6203,27755.8
1,CUTLASS,gemm,cutlass_tensorop_c1688gemm_128x64_16x3_hc_align1,passed,success,universal,8192,8192,8192,cf32:row,cf32:column,cf32:column,cf32:column,1,1,serial,1,1,heuristic,invalid,invalid,false,false,1,tensorop,cf32,128,64,16,1,1,1,0,0,0,3,4,2,1,16,8,8,80,1024,2147483648,4398583382016,2048,156.93,12.7445,28028.9
1,CUTLASS,gemm,cutlass_tensorop_c1688gemm_128x64_16x3_tt_align1,passed,success,universal,8192,8192,8192,cf32:row,cf32:row,cf32:column,cf32:column,1,1,serial,1,1,heuristic,invalid,invalid,false,false,1,tensorop,cf32,128,64,16,1,1,1,0,0,0,3,4,2,1,16,8,8,80,1024,2147483648,4398583382016,2048,160.929,12.4279,27332.5
1,CUTLASS,gemm,cutlass_tensorop_c1688gemm_128x64_16x3_ht_align1,passed,success,universal,8192,8192,8192,cf32:row,cf32:row,cf32:column,cf32:column,1,1,serial,1,1,heuristic,invalid,invalid,false,false,1,tensorop,cf32,128,64,16,1,1,1,0,0,0,3,4,2,1,16,8,8,80,1024,2147483648,4398583382016,2048,155.782,12.8385,28235.6
1,CUTLASS,gemm,cutlass_tensorop_c1688gemm_128x64_16x3_th_align1,passed,success,universal,8192,8192,8192,cf32:row,cf32:row,cf32:column,cf32:column,1,1,serial,1,1,heuristic,invalid,invalid,false,false,1,tensorop,cf32,128,64,16,1,1,1,0,0,0,3,4,2,1,16,8,8,80,1024,2147483648,4398583382016,2048,155.307,12.8777,28321.8
1,CUTLASS,gemm,cutlass_tensorop_c1688gemm_128x64_16x3_hh_align1,passed,success,universal,8192,8192,8192,cf32:row,cf32:row,cf32:column,cf32:column,1,1,serial,1,1,heuristic,invalid,invalid,false,false,1,tensorop,cf32,128,64,16,1,1,1,0,0,0,3,4,2,1,16,8,8,80,1024,2147483648,4398583382016,2048,159.733,12.5209,27537.1
1,CUTLASS,gemm,cutlass_tensorop_d884gemm_128x128_16x3_nn_align1,passed,success,universal,8192,8192,8192,f64:column,f64:column,f64:column,f64:column,1,1,serial,1,1,heuristic,invalid,invalid,false,false,1,tensorop,f64,128,128,16,1,1,1,0,0,0,3,4,2,1,8,8,4,80,1024,2147483648,1099645845504,512,906.55,2.20617,1213
1,CUTLASS,gemm,cutlass_tensorop_d884gemm_128x128_16x3_nt_align1,passed,success,universal,8192,8192,8192,f64:column,f64:row,f64:column,f64:column,1,1,serial,1,1,heuristic,invalid,invalid,false,false,1,tensorop,f64,128,128,16,1,1,1,0,0,0,3,4,2,1,8,8,4,80,1024,2147483648,1099645845504,512,905.648,2.20836,1214.21
1,CUTLASS,gemm,cutlass_tensorop_d884gemm_128x128_16x3_tn_align1,passed,success,universal,8192,8192,8192,f64:row,f64:column,f64:column,f64:column,1,1,serial,1,1,heuristic,invalid,invalid,false,false,1,tensorop,f64,128,128,16,1,1,1,0,0,0,3,4,2,1,8,8,4,80,1024,2147483648,1099645845504,512,906.229,2.20695,1213.43
1,CUTLASS,gemm,cutlass_tensorop_d884gemm_128x128_16x3_tt_align1,passed,success,universal,8192,8192,8192,f64:row,f64:row,f64:column,f64:column,1,1,serial,1,1,heuristic,invalid,invalid,false,false,1,tensorop,f64,128,128,16,1,1,1,0,0,0,3,4,2,1,8,8,4,80,1024,2147483648,1099645845504,512,905.69,2.20826,1214.15
1,CUTLASS,gemm,cutlass_tensorop_z884gemm_128x64_8x3_nn_align1,passed,success,universal,8192,8192,8192,cf64:column,cf64:column,cf64:column,cf64:column,1,1,serial,1,1,heuristic,invalid,invalid,false,false,1,tensorop,cf64,128,64,8,1,1,1,0,0,0,3,4,2,1,8,8,4,80,1024,4294967296,4398583382016,1024,3619.35,1.10517,1215.3
1,CUTLASS,gemm,cutlass_tensorop_z884gemm_128x64_8x3_cn_align1,passed,success,universal,8192,8192,8192,cf64:column,cf64:column,cf64:column,cf64:column,1,1,serial,1,1,heuristic,invalid,invalid,false,false,1,tensorop,cf64,128,64,8,1,1,1,0,0,0,3,4,2,1,8,8,4,80,1024,4294967296,4398583382016,1024,3618.84,1.10533,1215.47
1,CUTLASS,gemm,cutlass_tensorop_z884gemm_128x64_8x3_nc_align1,passed,success,universal,8192,8192,8192,cf64:column,cf64:column,cf64:column,cf64:column,1,1,serial,1,1,heuristic,invalid,invalid,false,false,1,tensorop,cf64,128,64,8,1,1,1,0,0,0,3,4,2,1,8,8,4,80,1024,4294967296,4398583382016,1024,3619.28,1.10519,1215.32
1,CUTLASS,gemm,cutlass_tensorop_z884gemm_128x64_8x3_cc_align1,passed,success,universal,8192,8192,8192,cf64:column,cf64:column,cf64:column,cf64:column,1,1,serial,1,1,heuristic,invalid,invalid,false,false,1,tensorop,cf64,128,64,8,1,1,1,0,0,0,3,4,2,1,8,8,4,80,1024,4294967296,4398583382016,1024,3600.19,1.11105,1221.76
1,CUTLASS,gemm,cutlass_tensorop_z884gemm_128x64_8x3_nt_align1,passed,success,universal,8192,8192,8192,cf64:column,cf64:row,cf64:column,cf64:column,1,1,serial,1,1,heuristic,invalid,invalid,false,false,1,tensorop,cf64,128,64,8,1,1,1,0,0,0,3,4,2,1,8,8,4,80,1024,4294967296,4398583382016,1024,3601.37,1.11069,1221.36
1,CUTLASS,gemm,cutlass_tensorop_z884gemm_128x64_8x3_ct_align1,passed,success,universal,8192,8192,8192,cf64:column,cf64:row,cf64:column,cf64:column,1,1,serial,1,1,heuristic,invalid,invalid,false,false,1,tensorop,cf64,128,64,8,1,1,1,0,0,0,3,4,2,1,8,8,4,80,1024,4294967296,4398583382016,1024,3601.38,1.11068,1221.36
1,CUTLASS,gemm,cutlass_tensorop_z884gemm_128x64_8x3_nh_align1,passed,success,universal,8192,8192,8192,cf64:column,cf64:row,cf64:column,cf64:column,1,1,serial,1,1,heuristic,invalid,invalid,false,false,1,tensorop,cf64,128,64,8,1,1,1,0,0,0,3,4,2,1,8,8,4,80,1024,4294967296,4398583382016,1024,3601.97,1.1105,1221.16
1,CUTLASS,gemm,cutlass_tensorop_z884gemm_128x64_8x3_ch_align1,passed,success,universal,8192,8192,8192,cf64:column,cf64:row,cf64:column,cf64:column,1,1,serial,1,1,heuristic,invalid,invalid,false,false,1,tensorop,cf64,128,64,8,1,1,1,0,0,0,3,4,2,1,8,8,4,80,1024,4294967296,4398583382016,1024,3601.24,1.11073,1221.41
1,CUTLASS,gemm,cutlass_tensorop_z884gemm_128x64_8x3_tn_align1,passed,success,universal,8192,8192,8192,cf64:row,cf64:column,cf64:column,cf64:column,1,1,serial,1,1,heuristic,invalid,invalid,false,false,1,tensorop,cf64,128,64,8,1,1,1,0,0,0,3,4,2,1,8,8,4,80,1024,4294967296,4398583382016,1024,3619.17,1.10523,1215.36
1,CUTLASS,gemm,cutlass_tensorop_z884gemm_128x64_8x3_hn_align1,passed,success,universal,8192,8192,8192,cf64:row,cf64:column,cf64:column,cf64:column,1,1,serial,1,1,heuristic,invalid,invalid,false,false,1,tensorop,cf64,128,64,8,1,1,1,0,0,0,3,4,2,1,8,8,4,80,1024,4294967296,4398583382016,1024,3619.41,1.10515,1215.28
1,CUTLASS,gemm,cutlass_tensorop_z884gemm_128x64_8x3_tc_align1,passed,success,universal,8192,8192,8192,cf64:row,cf64:column,cf64:column,cf64:column,1,1,serial,1,1,heuristic,invalid,invalid,false,false,1,tensorop,cf64,128,64,8,1,1,1,0,0,0,3,4,2,1,8,8,4,80,1024,4294967296,4398583382016,1024,3619.13,1.10524,1215.37
1,CUTLASS,gemm,cutlass_tensorop_z884gemm_128x64_8x3_hc_align1,passed,success,universal,8192,8192,8192,cf64:row,cf64:column,cf64:column,cf64:column,1,1,serial,1,1,heuristic,invalid,invalid,false,false,1,tensorop,cf64,128,64,8,1,1,1,0,0,0,3,4,2,1,8,8,4,80,1024,4294967296,4398583382016,1024,3618.82,1.10533,1215.47
1,CUTLASS,gemm,cutlass_tensorop_z884gemm_128x64_8x3_tt_align1,passed,success,universal,8192,8192,8192,cf64:row,cf64:row,cf64:column,cf64:column,1,1,serial,1,1,heuristic,invalid,invalid,false,false,1,tensorop,cf64,128,64,8,1,1,1,0,0,0,3,4,2,1,8,8,4,80,1024,4294967296,4398583382016,1024,3600.49,1.11096,1221.66
1,CUTLASS,gemm,cutlass_tensorop_z884gemm_128x64_8x3_ht_align1,passed,success,universal,8192,8192,8192,cf64:row,cf64:row,cf64:column,cf64:column,1,1,serial,1,1,heuristic,invalid,invalid,false,false,1,tensorop,cf64,128,64,8,1,1,1,0,0,0,3,4,2,1,8,8,4,80,1024,4294967296,4398583382016,1024,3601.34,1.1107,1221.37
1,CUTLASS,gemm,cutlass_tensorop_z884gemm_128x64_8x3_th_align1,passed,success,universal,8192,8192,8192,cf64:row,cf64:row,cf64:column,cf64:column,1,1,serial,1,1,heuristic,invalid,invalid,false,false,1,tensorop,cf64,128,64,8,1,1,1,0,0,0,3,4,2,1,8,8,4,80,1024,4294967296,4398583382016,1024,3601.49,1.11065,1221.32
1,CUTLASS,gemm,cutlass_tensorop_z884gemm_128x64_8x3_hh_align1,passed,success,universal,8192,8192,8192,cf64:row,cf64:row,cf64:column,cf64:column,1,1,serial,1,1,heuristic,invalid,invalid,false,false,1,tensorop,cf64,128,64,8,1,1,1,0,0,0,3,4,2,1,8,8,4,80,1024,4294967296,4398583382016,1024,3602.08,1.11047,1221.12
1,CUTLASS,gemm,cutlass_tensorop_gz884gemm_64x64_8x3_nn_align1,passed,success,universal,8192,8192,8192,cf64:column,cf64:column,cf64:column,cf64:column,1,1,serial,1,1,heuristic,invalid,invalid,false,false,1,tensorop,cf64,64,64,8,1,1,1,0,0,0,3,4,2,1,8,8,4,80,1024,4294967296,3298937536512,768,2864.6,1.39636,1151.62
1,CUTLASS,gemm,cutlass_tensorop_gz884gemm_64x64_8x3_cn_align1,passed,success,universal,8192,8192,8192,cf64:column,cf64:column,cf64:column,cf64:column,1,1,serial,1,1,heuristic,invalid,invalid,false,false,1,tensorop,cf64,64,64,8,1,1,1,0,0,0,3,4,2,1,8,8,4,80,1024,4294967296,3298937536512,768,2864.23,1.39654,1151.77
1,CUTLASS,gemm,cutlass_tensorop_gz884gemm_64x64_8x3_nc_align1,passed,success,universal,8192,8192,8192,cf64:column,cf64:column,cf64:column,cf64:column,1,1,serial,1,1,heuristic,invalid,invalid,false,false,1,tensorop,cf64,64,64,8,1,1,1,0,0,0,3,4,2,1,8,8,4,80,1024,4294967296,3298937536512,768,2877.34,1.39017,1146.52
1,CUTLASS,gemm,cutlass_tensorop_gz884gemm_64x64_8x3_cc_align1,passed,success,universal,8192,8192,8192,cf64:column,cf64:column,cf64:column,cf64:column,1,1,serial,1,1,heuristic,invalid,invalid,false,false,1,tensorop,cf64,64,64,8,1,1,1,0,0,0,3,4,2,1,8,8,4,80,1024,4294967296,3298937536512,768,2877.11,1.39029,1146.62
1,CUTLASS,gemm,cutlass_tensorop_gz884gemm_64x64_8x3_nt_align1,passed,success,universal,8192,8192,8192,cf64:column,cf64:row,cf64:column,cf64:column,1,1,serial,1,1,heuristic,invalid,invalid,false,false,1,tensorop,cf64,64,64,8,1,1,1,0,0,0,3,4,2,1,8,8,4,80,1024,4294967296,3298937536512,768,2876.32,1.39067,1146.93
1,CUTLASS,gemm,cutlass_tensorop_gz884gemm_64x64_8x3_ct_align1,passed,success,universal,8192,8192,8192,cf64:column,cf64:row,cf64:column,cf64:column,1,1,serial,1,1,heuristic,invalid,invalid,false,false,1,tensorop,cf64,64,64,8,1,1,1,0,0,0,3,4,2,1,8,8,4,80,1024,4294967296,3298937536512,768,2876.19,1.39073,1146.98
1,CUTLASS,gemm,cutlass_tensorop_gz884gemm_64x64_8x3_nh_align1,passed,success,universal,8192,8192,8192,cf64:column,cf64:row,cf64:column,cf64:column,1,1,serial,1,1,heuristic,invalid,invalid,false,false,1,tensorop,cf64,64,64,8,1,1,1,0,0,0,3,4,2,1,8,8,4,80,1024,4294967296,3298937536512,768,2873.47,1.39205,1148.07
1,CUTLASS,gemm,cutlass_tensorop_gz884gemm_64x64_8x3_ch_align1,passed,success,universal,8192,8192,8192,cf64:column,cf64:row,cf64:column,cf64:column,1,1,serial,1,1,heuristic,invalid,invalid,false,false,1,tensorop,cf64,64,64,8,1,1,1,0,0,0,3,4,2,1,8,8,4,80,1024,4294967296,3298937536512,768,2862.7,1.39728,1152.39
1,CUTLASS,gemm,cutlass_tensorop_gz884gemm_64x64_8x3_tn_align1,passed,success,universal,8192,8192,8192,cf64:row,cf64:column,cf64:column,cf64:column,1,1,serial,1,1,heuristic,invalid,invalid,false,false,1,tensorop,cf64,64,64,8,1,1,1,0,0,0,3,4,2,1,8,8,4,80,1024,4294967296,3298937536512,768,2859,1.39909,1153.88
1,CUTLASS,gemm,cutlass_tensorop_gz884gemm_64x64_8x3_hn_align1,passed,success,universal,8192,8192,8192,cf64:row,cf64:column,cf64:column,cf64:column,1,1,serial,1,1,heuristic,invalid,invalid,false,false,1,tensorop,cf64,64,64,8,1,1,1,0,0,0,3,4,2,1,8,8,4,80,1024,4294967296,3298937536512,768,2858.8,1.39919,1153.96
1,CUTLASS,gemm,cutlass_tensorop_gz884gemm_64x64_8x3_tc_align1,passed,success,universal,8192,8192,8192,cf64:row,cf64:column,cf64:column,cf64:column,1,1,serial,1,1,heuristic,invalid,invalid,false,false,1,tensorop,cf64,64,64,8,1,1,1,0,0,0,3,4,2,1,8,8,4,80,1024,4294967296,3298937536512,768,2858.76,1.39921,1153.97
1,CUTLASS,gemm,cutlass_tensorop_gz884gemm_64x64_8x3_hc_align1,passed,success,universal,8192,8192,8192,cf64:row,cf64:column,cf64:column,cf64:column,1,1,serial,1,1,heuristic,invalid,invalid,false,false,1,tensorop,cf64,64,64,8,1,1,1,0,0,0,3,4,2,1,8,8,4,80,1024,4294967296,3298937536512,768,2859.84,1.39868,1153.54
1,CUTLASS,gemm,cutlass_tensorop_gz884gemm_64x64_8x3_tt_align1,passed,success,universal,8192,8192,8192,cf64:row,cf64:row,cf64:column,cf64:column,1,1,serial,1,1,heuristic,invalid,invalid,false,false,1,tensorop,cf64,64,64,8,1,1,1,0,0,0,3,4,2,1,8,8,4,80,1024,4294967296,3298937536512,768,2875.96,1.39084,1147.07
1,CUTLASS,gemm,cutlass_tensorop_gz884gemm_64x64_8x3_ht_align1,passed,success,universal,8192,8192,8192,cf64:row,cf64:row,cf64:column,cf64:column,1,1,serial,1,1,heuristic,invalid,invalid,false,false,1,tensorop,cf64,64,64,8,1,1,1,0,0,0,3,4,2,1,8,8,4,80,1024,4294967296,3298937536512,768,2875.93,1.39085,1147.09
1,CUTLASS,gemm,cutlass_tensorop_gz884gemm_64x64_8x3_th_align1,passed,success,universal,8192,8192,8192,cf64:row,cf64:row,cf64:column,cf64:column,1,1,serial,1,1,heuristic,invalid,invalid,false,false,1,tensorop,cf64,64,64,8,1,1,1,0,0,0,3,4,2,1,8,8,4,80,1024,4294967296,3298937536512,768,2876.13,1.39076,1147
1,CUTLASS,gemm,cutlass_tensorop_gz884gemm_64x64_8x3_hh_align1,passed,success,universal,8192,8192,8192,cf64:row,cf64:row,cf64:column,cf64:column,1,1,serial,1,1,heuristic,invalid,invalid,false,false,1,tensorop,cf64,64,64,8,1,1,1,0,0,0,3,4,2,1,8,8,4,80,1024,4294967296,3298937536512,768,2876.09,1.39078,1147.02
1,CUTLASS,gemm,cutlass_tensorop_s16816gemm_s8_f16_128x128_64x4_tn_align16,passed,success,universal,8192,8192,8192,s8:row,f16:column,f32:column,f32:column,1,1,serial,1,1,heuristic,invalid,invalid,false,false,1,tensorop,f32,128,128,64,1,1,1,0,0,0,4,2,2,1,16,8,16,80,1024,738197504,1099645845504,1489,6.59784,104.201,166668
1,CUTLASS,gemm,cutlass_tensorop_f16_s16816gemm_s8_f16_128x128_64x4_tn_align16,passed,success,universal,8192,8192,8192,s8:row,f16:column,f16:column,f16:column,1,1,serial,1,1,heuristic,invalid,invalid,false,false,1,tensorop,f32,128,128,64,1,1,1,0,0,0,4,2,2,1,16,8,16,80,1024,469762048,1099645845504,2340,6.56456,66.6458,167513
1,CUTLASS,gemm,cutlass_tensorop_s16816gemm_u8_f16_128x128_64x4_tn_align16,passed,success,universal,8192,8192,8192,u8:row,f16:column,f32:column,f32:column,1,1,serial,1,1,heuristic,invalid,invalid,false,false,1,tensorop,f32,128,128,64,1,1,1,0,0,0,4,2,2,1,16,8,16,80,1024,738197504,1099645845504,1489,6.57999,104.483,167120
1,CUTLASS,gemm,cutlass_tensorop_f16_s16816gemm_u8_f16_128x128_64x4_tn_align16,passed,success,universal,8192,8192,8192,u8:row,f16:column,f16:column,f16:column,1,1,serial,1,1,heuristic,invalid,invalid,false,false,1,tensorop,f32,128,128,64,1,1,1,0,0,0,4,2,2,1,16,8,16,80,1024,469762048,1099645845504,2340,6.55145,66.7791,167848
1,CUTLASS,gemm,cutlass_tensorop_s16816gemm_s8_bf16_128x128_64x4_tn_align16,passed,success,universal,8192,8192,8192,s8:row,bf16:column,f32:column,f32:column,1,1,serial,1,1,heuristic,invalid,invalid,false,false,1,tensorop,f32,128,128,64,1,1,1,0,0,0,4,2,2,1,16,8,16,80,1024,738197504,1099645845504,1489,7.06867,97.2601,155566
1,CUTLASS,gemm,cutlass_tensorop_bf16_s16816gemm_s8_bf16_128x128_64x4_tn_align16,passed,success,universal,8192,8192,8192,s8:row,bf16:column,bf16:column,bf16:column,1,1,serial,1,1,heuristic,invalid,invalid,false,false,1,tensorop,f32,128,128,64,1,1,1,0,0,0,4,2,2,1,16,8,16,80,1024,469762048,1099645845504,2340,7.0435,62.114,156122
1,CUTLASS,gemm,cutlass_tensorop_s16816gemm_u8_bf16_128x128_64x4_tn_align16,passed,success,universal,8192,8192,8192,u8:row,bf16:column,f32:column,f32:column,1,1,serial,1,1,heuristic,invalid,invalid,false,false,1,tensorop,f32,128,128,64,1,1,1,0,0,0,4,2,2,1,16,8,16,80,1024,738197504,1099645845504,1489,7.02566,97.8555,156518
1,CUTLASS,gemm,cutlass_tensorop_bf16_s16816gemm_u8_bf16_128x128_64x4_tn_align16,passed,success,universal,8192,8192,8192,u8:row,bf16:column,bf16:column,bf16:column,1,1,serial,1,1,heuristic,invalid,invalid,false,false,1,tensorop,f32,128,128,64,1,1,1,0,0,0,4,2,2,1,16,8,16,80,1024,469762048,1099645845504,2340,6.99853,62.5131,157125
1,CUTLASS,gemm,cutlass_tensorop_h16816gemm_s8_f16_128x128_64x4_tn_align16,passed,success,universal,8192,8192,8192,s8:row,f16:column,f16:column,f16:column,1,1,serial,1,1,heuristic,invalid,invalid,false,false,1,tensorop,f16,128,128,64,1,1,1,0,0,0,4,2,2,1,16,8,16,80,1024,469762048,1099645845504,2340,4.31132,101.477,255060
1,CUTLASS,gemm,cutlass_tensorop_h16816gemm_u8_f16_128x128_64x4_tn_align16,passed,success,universal,8192,8192,8192,u8:row,f16:column,f16:column,f16:column,1,1,serial,1,1,heuristic,invalid,invalid,false,false,1,tensorop,f16,128,128,64,1,1,1,0,0,0,4,2,2,1,16,8,16,80,1024,469762048,1099645845504,2340,4.06886,107.524,270259
1,CUTLASS,gemm,cutlass_tensorop_s16816gemm_f16_s8_128x128_64x4_tn_align16,passed,success,universal,8192,8192,8192,f16:row,s8:column,f32:column,f32:column,1,1,serial,1,1,heuristic,invalid,invalid,false,false,1,tensorop,f32,128,128,64,1,1,1,0,0,0,4,2,2,1,16,8,16,80,1024,738197504,1099645845504,1489,6.68826,102.792,164414
1,CUTLASS,gemm,cutlass_tensorop_f16_s16816gemm_f16_s8_128x128_64x4_tn_align16,passed,success,universal,8192,8192,8192,f16:row,s8:column,f16:column,f16:column,1,1,serial,1,1,heuristic,invalid,invalid,false,false,1,tensorop,f32,128,128,64,1,1,1,0,0,0,4,2,2,1,16,8,16,80,1024,469762048,1099645845504,2340,6.65283,65.7615,165290
1,CUTLASS,gemm,cutlass_tensorop_s16816gemm_f16_u8_128x128_64x4_tn_align16,passed,success,universal,8192,8192,8192,f16:row,u8:column,f32:column,f32:column,1,1,serial,1,1,heuristic,invalid,invalid,false,false,1,tensorop,f32,128,128,64,1,1,1,0,0,0,4,2,2,1,16,8,16,80,1024,738197504,1099645845504,1489,6.74263,101.963,163089
1,CUTLASS,gemm,cutlass_tensorop_f16_s16816gemm_f16_u8_128x128_64x4_tn_align16,passed,success,universal,8192,8192,8192,f16:row,u8:column,f16:column,f16:column,1,1,serial,1,1,heuristic,invalid,invalid,false,false,1,tensorop,f32,128,128,64,1,1,1,0,0,0,4,2,2,1,16,8,16,80,1024,469762048,1099645845504,2340,6.71898,65.1141,163663
1,CUTLASS,gemm,cutlass_tensorop_s16816gemm_bf16_s8_128x128_64x4_tn_align16,passed,success,universal,8192,8192,8192,bf16:row,s8:column,f32:column,f32:column,1,1,serial,1,1,heuristic,invalid,invalid,false,false,1,tensorop,f32,128,128,64,1,1,1,0,0,0,4,2,2,1,16,8,16,80,1024,738197504,1099645845504,1489,7.12366,96.5094,154365
1,CUTLASS,gemm,cutlass_tensorop_bf16_s16816gemm_bf16_s8_128x128_64x4_tn_align16,passed,success,universal,8192,8192,8192,bf16:row,s8:column,bf16:column,bf16:column,1,1,serial,1,1,heuristic,invalid,invalid,false,false,1,tensorop,f32,128,128,64,1,1,1,0,0,0,4,2,2,1,16,8,16,80,1024,469762048,1099645845504,2340,7.11383,61.4999,154579
1,CUTLASS,gemm,cutlass_tensorop_s16816gemm_bf16_u8_128x128_64x4_tn_align16,passed,success,universal,8192,8192,8192,bf16:row,u8:column,f32:column,f32:column,1,1,serial,1,1,heuristic,invalid,invalid,false,false,1,tensorop,f32,128,128,64,1,1,1,0,0,0,4,2,2,1,16,8,16,80,1024,738197504,1099645845504,1489,7.08659,97.0142,155173
1,CUTLASS,gemm,cutlass_tensorop_bf16_s16816gemm_bf16_u8_128x128_64x4_tn_align16,passed,success,universal,8192,8192,8192,bf16:row,u8:column,bf16:column,bf16:column,1,1,serial,1,1,heuristic,invalid,invalid,false,false,1,tensorop,f32,128,128,64,1,1,1,0,0,0,4,2,2,1,16,8,16,80,1024,469762048,1099645845504,2340,7.0652,61.9232,155643
1,CUTLASS,gemm,cutlass_tensorop_h16816gemm_f16_s8_128x128_64x4_tn_align16,passed,success,universal,8192,8192,8192,f16:row,s8:column,f16:column,f16:column,1,1,serial,1,1,heuristic,invalid,invalid,false,false,1,tensorop,f16,128,128,64,1,1,1,0,0,0,4,2,2,1,16,8,16,80,1024,469762048,1099645845504,2340,4.41672,99.0555,248974
1,CUTLASS,gemm,cutlass_tensorop_h16816gemm_f16_u8_128x128_64x4_tn_align16,passed,success,universal,8192,8192,8192,f16:row,u8:column,f16:column,f16:column,1,1,serial,1,1,heuristic,invalid,invalid,false,false,1,tensorop,f16,128,128,64,1,1,1,0,0,0,4,2,2,1,16,8,16,80,1024,469762048,1099645845504,2340,4.23493,103.307,259661
1,CUTLASS,gemm,cutlass_tensorop_i16832gemm_s8_256x128_64x3_tn_align16,passed,success,universal,8192,8192,8192,s8:row,s8:column,s32:column,s32:column,1,1,serial,1,1,heuristic,invalid,invalid,false,false,1,tensorop,s32,256,128,64,1,1,1,0,0,0,3,4,2,1,16,8,32,80,1024,671088640,1099645845504,1638,2.09999,297.621,523644
1,CUTLASS,gemm,cutlass_tensorop_s8_i16832gemm_s8_256x128_64x3_tn_align16,passed,success,universal,8192,8192,8192,s8:row,s8:column,s8:column,s8:column,1,1,serial,1,1,heuristic,invalid,invalid,false,false,1,tensorop,s32,256,128,64,1,1,1,0,0,0,3,4,2,1,16,8,32,80,1024,268435456,1099645845504,4096,1.85077,135.079,594155
1,CUTLASS,gemm,cutlass_tensorop_i16832gemm_u8_256x128_64x3_tn_align16,passed,success,universal,8192,8192,8192,u8:row,u8:column,s32:column,s32:column,1,1,serial,1,1,heuristic,invalid,invalid,false,false,1,tensorop,s32,256,128,64,1,1,1,0,0,0,3,4,2,1,16,8,32,80,1024,671088640,1099645845504,1638,1.94335,321.61,565851
1,CUTLASS,gemm,cutlass_tensorop_u8_i16832gemm_u8_256x128_64x3_tn_align16,passed,success,universal,8192,8192,8192,u8:row,u8:column,u8:column,u8:column,1,1,serial,1,1,heuristic,invalid,invalid,false,false,1,tensorop,s32,256,128,64,1,1,1,0,0,0,3,4,2,1,16,8,32,80,1024,268435456,1099645845504,4096,1.67352,149.385,657084
1,CUTLASS,gemm,cutlass_tensorop_i16832gemm_s4_s8_256x128_64x3_tn_align32,passed,success,universal,8192,8192,8192,s4:row,s8:column,s32:column,s32:column,1,1,serial,1,1,heuristic,invalid,invalid,false,false,1,tensorop,s32,256,128,64,1,1,1,0,0,0,3,4,2,1,16,8,32,80,1024,637534208,1099645845504,1724,2.44439,242.903,449865
1,CUTLASS,gemm,cutlass_tensorop_s8_i16832gemm_s4_s8_256x128_64x3_tn_align32,passed,success,universal,8192,8192,8192,s4:row,s8:column,s8:column,s8:column,1,1,serial,1,1,heuristic,invalid,invalid,false,false,1,tensorop,s32,256,128,64,1,1,1,0,0,0,3,4,2,1,16,8,32,80,1024,234881024,1099645845504,4681,2.26478,96.5877,485542
1,CUTLASS,gemm,cutlass_tensorop_i16832gemm_s8_s4_256x128_64x3_tn_align32,passed,success,universal,8192,8192,8192,s8:row,s4:column,s32:column,s32:column,1,1,serial,1,1,heuristic,invalid,invalid,false,false,1,tensorop,s32,256,128,64,1,1,1,0,0,0,3,4,2,1,16,8,32,80,1024,637534208,1099645845504,1724,2.27922,260.506,482466
1,CUTLASS,gemm,cutlass_tensorop_s8_i16832gemm_s8_s4_256x128_64x3_tn_align32,passed,success,universal,8192,8192,8192,s8:row,s4:column,s8:column,s8:column,1,1,serial,1,1,heuristic,invalid,invalid,false,false,1,tensorop,s32,256,128,64,1,1,1,0,0,0,3,4,2,1,16,8,32,80,1024,234881024,1099645845504,4681,2.1248,102.951,517529
1,CUTLASS,gemm,cutlass_tensorop_s8_i16832gemm_s8_256x128_64x3_n32t32_align16,not_verified,success,universal,8192,8192,8192,s8:nk32,s8:tk32,s8:nk32,s8:nk32,1,1,serial,1,1,heuristic,invalid,invalid,false,false,1,tensorop,s32,256,128,64,1,1,1,0,0,0,3,4,2,1,16,8,32,80,1024,268435456,1099645845504,4096,1.85477,134.788,592874
1,CUTLASS,gemm,cutlass_tensorop_u8_i16832gemm_u8_256x128_64x3_n32t32_align16,not_verified,success,universal,8192,8192,8192,u8:nk32,u8:tk32,u8:nk32,u8:nk32,1,1,serial,1,1,heuristic,invalid,invalid,false,false,1,tensorop,s32,256,128,64,1,1,1,0,0,0,3,4,2,1,16,8,32,80,1024,268435456,1099645845504,4096,1.68479,148.387,652691
1,CUTLASS,gemm,cutlass_tensorop_i16864gemm_s4_256x128_128x3_tn_align32,passed,success,universal,8192,8192,8192,s4:row,s4:column,s32:column,s32:column,1,1,serial,1,1,heuristic,invalid,invalid,false,false,1,tensorop,s32,256,128,128,1,1,1,0,0,0,3,4,2,1,16,8,64,80,1024,603979776,1099645845504,1820,1.204,467.193,913327
1,CUTLASS,gemm,cutlass_tensorop_s4_i16864gemm_s4_256x128_128x3_tn_align32,passed,success,universal,8192,8192,8192,s4:row,s4:column,s4:column,s4:column,1,1,serial,1,1,heuristic,invalid,invalid,false,false,1,tensorop,s32,256,128,128,1,1,1,0,0,0,3,4,2,1,16,8,64,80,1024,134217728,1099645845504,8193,0.927949,134.706,1.18503e+06
1,CUTLASS,gemm,cutlass_tensorop_i16864gemm_u4_256x128_128x3_tn_align32,passed,success,universal,8192,8192,8192,u4:row,u4:column,s32:column,s32:column,1,1,serial,1,1,heuristic,invalid,invalid,false,false,1,tensorop,s32,256,128,128,1,1,1,0,0,0,3,4,2,1,16,8,64,80,1024,603979776,1099645845504,1820,1.1433,491.999,961821
1,CUTLASS,gemm,cutlass_tensorop_u4_i16864gemm_u4_256x128_128x3_tn_align32,passed,success,universal,8192,8192,8192,u4:row,u4:column,u4:column,u4:column,1,1,serial,1,1,heuristic,invalid,invalid,false,false,1,tensorop,s32,256,128,128,1,1,1,0,0,0,3,4,2,1,16,8,64,80,1024,134217728,1099645845504,8193,0.882381,141.662,1.24623e+06
1,CUTLASS,gemm,cutlass_tensorop_s4_i16864gemm_s4_256x128_128x3_n64t64_align32,not_verified,success,universal,8192,8192,8192,s4:nk64,s4:tk64,s4:nk64,s4:nk64,1,1,serial,1,1,heuristic,invalid,invalid,false,false,1,tensorop,s32,256,128,128,1,1,1,0,0,0,3,4,2,1,16,8,64,80,1024,134217728,1099645845504,8193,0.900403,138.827,1.22128e+06
1,CUTLASS,gemm,cutlass_tensorop_u4_i16864gemm_u4_256x128_128x3_n64t64_align32,not_verified,success,universal,8192,8192,8192,u4:nk64,u4:tk64,u4:nk64,u4:nk64,1,1,serial,1,1,heuristic,invalid,invalid,false,false,1,tensorop,s32,256,128,128,1,1,1,0,0,0,3,4,2,1,16,8,64,80,1024,134217728,1099645845504,8193,0.870925,143.526,1.26262e+06
1,CUTLASS,gemm,cutlass_tensorop_i168256xorgemm_b1_256x128_512x3_tn_align128,not_verified,success,universal,8192,8192,8192,b1:row,b1:column,s32:column,s32:column,1,1,serial,1,1,heuristic,invalid,invalid,false,false,1,tensorop,s32,256,128,512,1,1,1,0,0,0,3,4,2,1,16,8,256,80,1024,553648128,1099645845504,1986,0.685056,752.676,1.60519e+06
1,CUTLASS,gemm,cutlass_tensorop_i168256andgemm_b1_256x128_512x3_tn_align128,not_verified,success,universal,8192,8192,8192,b1:row,b1:column,s32:column,s32:column,1,1,serial,1,1,heuristic,invalid,invalid,false,false,1,tensorop,s32,256,128,512,1,1,1,0,0,0,3,4,2,1,16,8,256,80,1024,553648128,1099645845504,1986,0.687514,749.985,1.59945e+06
1,CUTLASS,gemm,cutlass_simt_sgemm_256x128_8x5_nn_align1,passed,success,universal,8192,8192,8192,f32:column,f32:column,f32:column,f32:column,1,1,serial,1,1,heuristic,invalid,invalid,false,false,1,simt,f32,256,128,8,1,1,1,0,0,0,5,4,2,1,1,1,1,50,1024,1073741824,1099645845504,1024,21.0514,47.5029,52236.3
1,CUTLASS,gemm,cutlass_simt_sgemm_256x128_8x5_nt_align1,passed,success,universal,8192,8192,8192,f32:column,f32:row,f32:column,f32:column,1,1,serial,1,1,heuristic,invalid,invalid,false,false,1,simt,f32,256,128,8,1,1,1,0,0,0,5,4,2,1,1,1,1,50,1024,1073741824,1099645845504,1024,20.0581,49.8551,54823
1,CUTLASS,gemm,cutlass_simt_sgemm_256x128_8x5_tn_align1,passed,success,universal,8192,8192,8192,f32:row,f32:column,f32:column,f32:column,1,1,serial,1,1,heuristic,invalid,invalid,false,false,1,simt,f32,256,128,8,1,1,1,0,0,0,5,4,2,1,1,1,1,50,1024,1073741824,1099645845504,1024,21.9744,45.5074,50042.1
1,CUTLASS,gemm,cutlass_simt_sgemm_256x128_8x5_tt_align1,passed,success,universal,8192,8192,8192,f32:row,f32:row,f32:column,f32:column,1,1,serial,1,1,heuristic,invalid,invalid,false,false,1,simt,f32,256,128,8,1,1,1,0,0,0,5,4,2,1,1,1,1,50,1024,1073741824,1099645845504,1024,20.4417,48.9196,53794.2
1,CUTLASS,gemm,cutlass_simt_dgemm_128x128_8x3_nn_align1,passed,success,universal,8192,8192,8192,f64:column,f64:column,f64:column,f64:column,1,1,serial,1,1,heuristic,invalid,invalid,false,false,1,simt,f64,128,128,8,1,1,1,0,0,0,3,4,2,1,1,1,1,50,1024,2147483648,1099645845504,512,794.237,2.51814,1384.53
1,CUTLASS,gemm,cutlass_simt_dgemm_128x128_8x3_nt_align1,passed,success,universal,8192,8192,8192,f64:column,f64:row,f64:column,f64:column,1,1,serial,1,1,heuristic,invalid,invalid,false,false,1,simt,f64,128,128,8,1,1,1,0,0,0,3,4,2,1,1,1,1,50,1024,2147483648,1099645845504,512,795.401,2.51445,1382.5
1,CUTLASS,gemm,cutlass_simt_dgemm_128x128_8x3_tn_align1,passed,success,universal,8192,8192,8192,f64:row,f64:column,f64:column,f64:column,1,1,serial,1,1,heuristic,invalid,invalid,false,false,1,simt,f64,128,128,8,1,1,1,0,0,0,3,4,2,1,1,1,1,50,1024,2147483648,1099645845504,512,794.603,2.51698,1383.89
1,CUTLASS,gemm,cutlass_simt_dgemm_128x128_8x3_tt_align1,passed,success,universal,8192,8192,8192,f64:row,f64:row,f64:column,f64:column,1,1,serial,1,1,heuristic,invalid,invalid,false,false,1,simt,f64,128,128,8,1,1,1,0,0,0,3,4,2,1,1,1,1,50,1024,2147483648,1099645845504,512,795.236,2.51498,1382.79
1,CUTLASS,gemm,cutlass_simt_cgemm_128x128_8x5_nn_align1,passed,success,universal,8192,8192,8192,cf32:column,cf32:column,cf32:column,cf32:column,1,1,serial,1,1,heuristic,invalid,invalid,false,false,1,simt,cf32,128,128,8,1,1,1,0,0,0,5,4,2,1,1,1,1,50,1024,2147483648,4398583382016,2048,72.9648,27.4105,60283.6
1,CUTLASS,gemm,cutlass_simt_cgemm_128x128_8x5_cn_align1,passed,success,universal,8192,8192,8192,cf32:column,cf32:column,cf32:column,cf32:column,1,1,serial,1,1,heuristic,invalid,invalid,false,false,1,simt,cf32,128,128,8,1,1,1,0,0,0,5,4,2,1,1,1,1,50,1024,2147483648,4398583382016,2048,77.3337,25.8619,56878
1,CUTLASS,gemm,cutlass_simt_cgemm_128x128_8x5_nc_align1,passed,success,universal,8192,8192,8192,cf32:column,cf32:column,cf32:column,cf32:column,1,1,serial,1,1,heuristic,invalid,invalid,false,false,1,simt,cf32,128,128,8,1,1,1,0,0,0,5,4,2,1,1,1,1,50,1024,2147483648,4398583382016,2048,75.876,26.3588,57970.6
1,CUTLASS,gemm,cutlass_simt_cgemm_128x128_8x5_cc_align1,passed,success,universal,8192,8192,8192,cf32:column,cf32:column,cf32:column,cf32:column,1,1,serial,1,1,heuristic,invalid,invalid,false,false,1,simt,cf32,128,128,8,1,1,1,0,0,0,5,4,2,1,1,1,1,50,1024,2147483648,4398583382016,2048,85.7818,23.315,51276.4
1,CUTLASS,gemm,cutlass_simt_cgemm_128x128_8x5_nt_align1,passed,success,universal,8192,8192,8192,cf32:column,cf32:row,cf32:column,cf32:column,1,1,serial,1,1,heuristic,invalid,invalid,false,false,1,simt,cf32,128,128,8,1,1,1,0,0,0,5,4,2,1,1,1,1,50,1024,2147483648,4398583382016,2048,72.4358,27.6107,60723.9
1,CUTLASS,gemm,cutlass_simt_cgemm_128x128_8x5_ct_align1,passed,success,universal,8192,8192,8192,cf32:column,cf32:row,cf32:column,cf32:column,1,1,serial,1,1,heuristic,invalid,invalid,false,false,1,simt,cf32,128,128,8,1,1,1,0,0,0,5,4,2,1,1,1,1,50,1024,2147483648,4398583382016,2048,76.4972,26.1447,57499.9
1,CUTLASS,gemm,cutlass_simt_cgemm_128x128_8x5_nh_align1,passed,success,universal,8192,8192,8192,cf32:column,cf32:row,cf32:column,cf32:column,1,1,serial,1,1,heuristic,invalid,invalid,false,false,1,simt,cf32,128,128,8,1,1,1,0,0,0,5,4,2,1,1,1,1,50,1024,2147483648,4398583382016,2048,74.9607,26.6806,58678.5
1,CUTLASS,gemm,cutlass_simt_cgemm_128x128_8x5_ch_align1,passed,success,universal,8192,8192,8192,cf32:column,cf32:row,cf32:column,cf32:column,1,1,serial,1,1,heuristic,invalid,invalid,false,false,1,simt,cf32,128,128,8,1,1,1,0,0,0,5,4,2,1,1,1,1,50,1024,2147483648,4398583382016,2048,85.1008,23.5015,51686.7
1,CUTLASS,gemm,cutlass_simt_cgemm_128x128_8x5_tn_align1,passed,success,universal,8192,8192,8192,cf32:row,cf32:column,cf32:column,cf32:column,1,1,serial,1,1,heuristic,invalid,invalid,false,false,1,simt,cf32,128,128,8,1,1,1,0,0,0,5,4,2,1,1,1,1,50,1024,2147483648,4398583382016,2048,73.6225,27.1656,59745.1
1,CUTLASS,gemm,cutlass_simt_cgemm_128x128_8x5_hn_align1,passed,success,universal,8192,8192,8192,cf32:row,cf32:column,cf32:column,cf32:column,1,1,serial,1,1,heuristic,invalid,invalid,false,false,1,simt,cf32,128,128,8,1,1,1,0,0,0,5,4,2,1,1,1,1,50,1024,2147483648,4398583382016,2048,79.1995,25.2527,55538
1,CUTLASS,gemm,cutlass_simt_cgemm_128x128_8x5_tc_align1,passed,success,universal,8192,8192,8192,cf32:row,cf32:column,cf32:column,cf32:column,1,1,serial,1,1,heuristic,invalid,invalid,false,false,1,simt,cf32,128,128,8,1,1,1,0,0,0,5,4,2,1,1,1,1,50,1024,2147483648,4398583382016,2048,78.0727,25.6171,56339.6
1,CUTLASS,gemm,cutlass_simt_cgemm_128x128_8x5_hc_align1,passed,success,universal,8192,8192,8192,cf32:row,cf32:column,cf32:column,cf32:column,1,1,serial,1,1,heuristic,invalid,invalid,false,false,1,simt,cf32,128,128,8,1,1,1,0,0,0,5,4,2,1,1,1,1,50,1024,2147483648,4398583382016,2048,86.4797,23.1268,50862.6
1,CUTLASS,gemm,cutlass_simt_cgemm_128x128_8x5_tt_align1,passed,success,universal,8192,8192,8192,cf32:row,cf32:row,cf32:column,cf32:column,1,1,serial,1,1,heuristic,invalid,invalid,false,false,1,simt,cf32,128,128,8,1,1,1,0,0,0,5,4,2,1,1,1,1,50,1024,2147483648,4398583382016,2048,73.3043,27.2835,60004.5
1,CUTLASS,gemm,cutlass_simt_cgemm_128x128_8x5_ht_align1,passed,success,universal,8192,8192,8192,cf32:row,cf32:row,cf32:column,cf32:column,1,1,serial,1,1,heuristic,invalid,invalid,false,false,1,simt,cf32,128,128,8,1,1,1,0,0,0,5,4,2,1,1,1,1,50,1024,2147483648,4398583382016,2048,77.6037,25.772,56680
1,CUTLASS,gemm,cutlass_simt_cgemm_128x128_8x5_th_align1,passed,success,universal,8192,8192,8192,cf32:row,cf32:row,cf32:column,cf32:column,1,1,serial,1,1,heuristic,invalid,invalid,false,false,1,simt,cf32,128,128,8,1,1,1,0,0,0,5,4,2,1,1,1,1,50,1024,2147483648,4398583382016,2048,76.5516,26.1262,57459.1
1,CUTLASS,gemm,cutlass_simt_cgemm_128x128_8x5_hh_align1,passed,success,universal,8192,8192,8192,cf32:row,cf32:row,cf32:column,cf32:column,1,1,serial,1,1,heuristic,invalid,invalid,false,false,1,simt,cf32,128,128,8,1,1,1,0,0,0,5,4,2,1,1,1,1,50,1024,2147483648,4398583382016,2048,85.9797,23.2613,51158.4
1,CUTLASS,gemm,cutlass_tensorop_s16832gemm_e4m3_256x128_64x3_tn_align16,passed,success,universal,8192,8192,8192,fe4m3:row,fe4m3:column,f32:column,f32:column,1,1,serial,1,1,heuristic,invalid,invalid,false,false,1,tensorop,f32,256,128,64,1,1,1,0,0,0,3,4,2,1,16,8,32,89,100,671088640,1099645845504,1638,12.6859,49.2672,86682.3
1,CUTLASS,gemm,cutlass_tensorop_bf16_s16832gemm_e4m3_256x128_64x3_tn_align16,passed,success,universal,8192,8192,8192,fe4m3:row,fe4m3:column,bf16:column,bf16:column,1,1,serial,1,1,heuristic,invalid,invalid,false,false,1,tensorop,f32,256,128,64,1,1,1,0,0,0,3,4,2,1,16,8,32,89,100,402653184,1099645845504,2731,12.6269,29.6984,87087.3
1,CUTLASS,gemm,cutlass_tensorop_s16832gemm_e4m3_e5m2_256x128_64x3_tn_align16,passed,success,universal,8192,8192,8192,fe4m3:row,fe5m2:column,f32:column,f32:column,1,1,serial,1,1,heuristic,invalid,invalid,false,false,1,tensorop,f32,256,128,64,1,1,1,0,0,0,3,4,2,1,16,8,32,89,100,671088640,1099645845504,1638,12.6907,49.2485,86649.5
1,CUTLASS,gemm,cutlass_tensorop_bf16_s16832gemm_e4m3_e5m2_256x128_64x3_tn_align16,passed,success,universal,8192,8192,8192,fe4m3:row,fe5m2:column,bf16:column,bf16:column,1,1,serial,1,1,heuristic,invalid,invalid,false,false,1,tensorop,f32,256,128,64,1,1,1,0,0,0,3,4,2,1,16,8,32,89,100,402653184,1099645845504,2731,12.6452,29.6556,86961.7
1,CUTLASS,gemm,cutlass_tensorop_s16832gemm_e5m2_e4m3_256x128_64x3_tn_align16,passed,success,universal,8192,8192,8192,fe5m2:row,fe4m3:column,f32:column,f32:column,1,1,serial,1,1,heuristic,invalid,invalid,false,false,1,tensorop,f32,256,128,64,1,1,1,0,0,0,3,4,2,1,16,8,32,89,100,671088640,1099645845504,1638,12.6924,49.2422,86638.3
1,CUTLASS,gemm,cutlass_tensorop_bf16_s16832gemm_e5m2_e4m3_256x128_64x3_tn_align16,passed,success,universal,8192,8192,8192,fe5m2:row,fe4m3:column,bf16:column,bf16:column,1,1,serial,1,1,heuristic,invalid,invalid,false,false,1,tensorop,f32,256,128,64,1,1,1,0,0,0,3,4,2,1,16,8,32,89,100,402653184,1099645845504,2731,12.6279,29.6962,87080.9
1,CUTLASS,gemm,cutlass_tensorop_s16832gemm_e5m2_256x128_64x3_tn_align16,passed,success,universal,8192,8192,8192,fe5m2:row,fe5m2:column,f32:column,f32:column,1,1,serial,1,1,heuristic,invalid,invalid,false,false,1,tensorop,f32,256,128,64,1,1,1,0,0,0,3,4,2,1,16,8,32,89,100,671088640,1099645845504,1638,12.6853,49.2696,86686.5
1,CUTLASS,gemm,cutlass_tensorop_bf16_s16832gemm_e5m2_256x128_64x3_tn_align16,passed,success,universal,8192,8192,8192,fe5m2:row,fe5m2:column,bf16:column,bf16:column,1,1,serial,1,1,heuristic,invalid,invalid,false,false,1,tensorop,f32,256,128,64,1,1,1,0,0,0,3,4,2,1,16,8,32,89,100,402653184,1099645845504,2731,12.6344,29.6808,87035.7
1,CUTLASS,gemm,cutlass_tensorop_s16832fastaccumgemm_e4m3_256x128_64x3_tn_align16,passed,success,universal,8192,8192,8192,fe4m3:row,fe4m3:column,f32:column,f32:column,1,1,serial,1,1,heuristic,invalid,invalid,false,false,1,tensorop,f32,256,128,64,1,1,1,0,0,0,3,4,2,1,16,8,32,89,100,671088640,1099645845504,1638,3.36401,185.79,326885
1,CUTLASS,gemm,cutlass_tensorop_bf16_s16832fastaccumgemm_e4m3_256x128_64x3_tn_align16,passed,success,universal,8192,8192,8192,fe4m3:row,fe4m3:column,bf16:column,bf16:column,1,1,serial,1,1,heuristic,invalid,invalid,false,false,1,tensorop,f32,256,128,64,1,1,1,0,0,0,3,4,2,1,16,8,32,89,100,402653184,1099645845504,2731,3.24895,115.422,338462
1,CUTLASS,gemm,cutlass_tensorop_s16832fastaccumgemm_e4m3_e5m2_256x128_64x3_tn_align16,passed,success,universal,8192,8192,8192,fe4m3:row,fe5m2:column,f32:column,f32:column,1,1,serial,1,1,heuristic,invalid,invalid,false,false,1,tensorop,f32,256,128,64,1,1,1,0,0,0,3,4,2,1,16,8,32,89,100,671088640,1099645845504,1638,3.38166,184.821,325180
1,CUTLASS,gemm,cutlass_tensorop_bf16_s16832fastaccumgemm_e4m3_e5m2_256x128_64x3_tn_align16,passed,success,universal,8192,8192,8192,fe4m3:row,fe5m2:column,bf16:column,bf16:column,1,1,serial,1,1,heuristic,invalid,invalid,false,false,1,tensorop,f32,256,128,64,1,1,1,0,0,0,3,4,2,1,16,8,32,89,100,402653184,1099645845504,2731,3.2638,114.897,336922
1,CUTLASS,gemm,cutlass_tensorop_s16832fastaccumgemm_e5m2_e4m3_256x128_64x3_tn_align16,passed,success,universal,8192,8192,8192,fe5m2:row,fe4m3:column,f32:column,f32:column,1,1,serial,1,1,heuristic,invalid,invalid,false,false,1,tensorop,f32,256,128,64,1,1,1,0,0,0,3,4,2,1,16,8,32,89,100,671088640,1099645845504,1638,3.38421,184.681,324934
1,CUTLASS,gemm,cutlass_tensorop_bf16_s16832fastaccumgemm_e5m2_e4m3_256x128_64x3_tn_align16,passed,success,universal,8192,8192,8192,fe5m2:row,fe4m3:column,bf16:column,bf16:column,1,1,serial,1,1,heuristic,invalid,invalid,false,false,1,tensorop,f32,256,128,64,1,1,1,0,0,0,3,4,2,1,16,8,32,89,100,402653184,1099645845504,2731,3.26359,114.904,336944
1,CUTLASS,gemm,cutlass_tensorop_s16832fastaccumgemm_e5m2_256x128_64x3_tn_align16,passed,success,universal,8192,8192,8192,fe5m2:row,fe5m2:column,f32:column,f32:column,1,1,serial,1,1,heuristic,invalid,invalid,false,false,1,tensorop,f32,256,128,64,1,1,1,0,0,0,3,4,2,1,16,8,32,89,100,671088640,1099645845504,1638,3.38033,184.893,325308
1,CUTLASS,gemm,cutlass_tensorop_bf16_s16832fastaccumgemm_e5m2_256x128_64x3_tn_align16,passed,success,universal,8192,8192,8192,fe5m2:row,fe5m2:column,bf16:column,bf16:column,1,1,serial,1,1,heuristic,invalid,invalid,false,false,1,tensorop,f32,256,128,64,1,1,1,0,0,0,3,4,2,1,16,8,32,89,100,402653184,1099645845504,2731,3.26431,114.879,336870
1,CUTLASS,gemm,cutlass_tensorop_f32_h16832gemm_e4m3_256x128_64x3_tn_align16,not_verified,success,universal,8192,8192,8192,fe4m3:row,fe4m3:column,f32:column,f32:column,1,1,serial,1,1,heuristic,invalid,invalid,false,false,1,tensorop,f16,256,128,64,1,1,1,0,0,0,3,4,2,1,16,8,32,89,100,671088640,1099645845504,1638,2.05404,304.278,535357
1,CUTLASS,gemm,cutlass_tensorop_bf16_h16832gemm_e4m3_256x128_64x3_tn_align16,not_verified,success,universal,8192,8192,8192,fe4m3:row,fe4m3:column,bf16:column,bf16:column,1,1,serial,1,1,heuristic,invalid,invalid,false,false,1,tensorop,f16,256,128,64,1,1,1,0,0,0,3,4,2,1,16,8,32,89,100,402653184,1099645845504,2731,1.87218,200.301,587361
1,CUTLASS,gemm,cutlass_tensorop_f32_h16832gemm_e4m3_e5m2_256x128_64x3_tn_align16,not_verified,success,universal,8192,8192,8192,fe4m3:row,fe5m2:column,f32:column,f32:column,1,1,serial,1,1,heuristic,invalid,invalid,false,false,1,tensorop,f16,256,128,64,1,1,1,0,0,0,3,4,2,1,16,8,32,89,100,671088640,1099645845504,1638,2.07657,300.977,529549
1,CUTLASS,gemm,cutlass_tensorop_bf16_h16832gemm_e4m3_e5m2_256x128_64x3_tn_align16,not_verified,success,universal,8192,8192,8192,fe4m3:row,fe5m2:column,bf16:column,bf16:column,1,1,serial,1,1,heuristic,invalid,invalid,false,false,1,tensorop,f16,256,128,64,1,1,1,0,0,0,3,4,2,1,16,8,32,89,100,402653184,1099645845504,2731,1.90097,197.268,578466
1,CUTLASS,gemm,cutlass_tensorop_f32_h16832gemm_e5m2_e4m3_256x128_64x3_tn_align16,not_verified,success,universal,8192,8192,8192,fe5m2:row,fe4m3:column,f32:column,f32:column,1,1,serial,1,1,heuristic,invalid,invalid,false,false,1,tensorop,f16,256,128,64,1,1,1,0,0,0,3,4,2,1,16,8,32,89,100,671088640,1099645845504,1638,2.08906,299.177,526383
1,CUTLASS,gemm,cutlass_tensorop_bf16_h16832gemm_e5m2_e4m3_256x128_64x3_tn_align16,not_verified,success,universal,8192,8192,8192,fe5m2:row,fe4m3:column,bf16:column,bf16:column,1,1,serial,1,1,heuristic,invalid,invalid,false,false,1,tensorop,f16,256,128,64,1,1,1,0,0,0,3,4,2,1,16,8,32,89,100,402653184,1099645845504,2731,1.93403,193.896,568578
1,CUTLASS,gemm,cutlass_tensorop_f32_h16832gemm_e5m2_256x128_64x3_tn_align16,not_verified,success,universal,8192,8192,8192,fe5m2:row,fe5m2:column,f32:column,f32:column,1,1,serial,1,1,heuristic,invalid,invalid,false,false,1,tensorop,f16,256,128,64,1,1,1,0,0,0,3,4,2,1,16,8,32,89,100,671088640,1099645845504,1638,2.0862,299.588,527106
1,CUTLASS,gemm,cutlass_tensorop_bf16_h16832gemm_e5m2_256x128_64x3_tn_align16,not_verified,success,universal,8192,8192,8192,fe5m2:row,fe5m2:column,bf16:column,bf16:column,1,1,serial,1,1,heuristic,invalid,invalid,false,false,1,tensorop,f16,256,128,64,1,1,1,0,0,0,3,4,2,1,16,8,32,89,100,402653184,1099645845504,2731,1.91519,195.803,574171
1,CUTLASS,gemm,cutlass_tensorop_f32_h16832fastaccumgemm_e4m3_256x128_64x3_tn_align16,not_verified,success,universal,8192,8192,8192,fe4m3:row,fe4m3:column,f32:column,f32:column,1,1,serial,1,1,heuristic,invalid,invalid,false,false,1,tensorop,f16,256,128,64,1,1,1,0,0,0,3,4,2,1,16,8,32,89,100,671088640,1099645845504,1638,2.02814,308.164,542195
1,CUTLASS,gemm,cutlass_tensorop_bf16_h16832fastaccumgemm_e4m3_256x128_64x3_tn_align16,not_verified,success,universal,8192,8192,8192,fe4m3:row,fe4m3:column,bf16:column,bf16:column,1,1,serial,1,1,heuristic,invalid,invalid,false,false,1,tensorop,f16,256,128,64,1,1,1,0,0,0,3,4,2,1,16,8,32,89,100,402653184,1099645845504,2731,1.8178,206.293,604931
1,CUTLASS,gemm,cutlass_tensorop_f32_h16832fastaccumgemm_e4m3_e5m2_256x128_64x3_tn_align16,not_verified,success,universal,8192,8192,8192,fe4m3:row,fe5m2:column,f32:column,f32:column,1,1,serial,1,1,heuristic,invalid,invalid,false,false,1,tensorop,f16,256,128,64,1,1,1,0,0,0,3,4,2,1,16,8,32,89,100,671088640,1099645845504,1638,2.02813,308.165,542196
1,CUTLASS,gemm,cutlass_tensorop_bf16_h16832fastaccumgemm_e4m3_e5m2_256x128_64x3_tn_align16,not_verified,success,universal,8192,8192,8192,fe4m3:row,fe5m2:column,bf16:column,bf16:column,1,1,serial,1,1,heuristic,invalid,invalid,false,false,1,tensorop,f16,256,128,64,1,1,1,0,0,0,3,4,2,1,16,8,32,89,100,402653184,1099645845504,2731,1.84279,203.496,596729
1,CUTLASS,gemm,cutlass_tensorop_f32_h16832fastaccumgemm_e5m2_e4m3_256x128_64x3_tn_align16,not_verified,success,universal,8192,8192,8192,fe5m2:row,fe4m3:column,f32:column,f32:column,1,1,serial,1,1,heuristic,invalid,invalid,false,false,1,tensorop,f16,256,128,64,1,1,1,0,0,0,3,4,2,1,16,8,32,89,100,671088640,1099645845504,1638,2.04389,305.789,538016
1,CUTLASS,gemm,cutlass_tensorop_bf16_h16832fastaccumgemm_e5m2_e4m3_256x128_64x3_tn_align16,not_verified,success,universal,8192,8192,8192,fe5m2:row,fe4m3:column,bf16:column,bf16:column,1,1,serial,1,1,heuristic,invalid,invalid,false,false,1,tensorop,f16,256,128,64,1,1,1,0,0,0,3,4,2,1,16,8,32,89,100,402653184,1099645845504,2731,1.84443,203.315,596199
1,CUTLASS,gemm,cutlass_tensorop_f32_h16832fastaccumgemm_e5m2_256x128_64x3_tn_align16,not_verified,success,universal,8192,8192,8192,fe5m2:row,fe5m2:column,f32:column,f32:column,1,1,serial,1,1,heuristic,invalid,invalid,false,false,1,tensorop,f16,256,128,64,1,1,1,0,0,0,3,4,2,1,16,8,32,89,100,671088640,1099645845504,1638,2.04339,305.864,538147
1,CUTLASS,gemm,cutlass_tensorop_bf16_h16832fastaccumgemm_e5m2_256x128_64x3_tn_align16,not_verified,success,universal,8192,8192,8192,fe5m2:row,fe5m2:column,bf16:column,bf16:column,1,1,serial,1,1,heuristic,invalid,invalid,false,false,1,tensorop,f16,256,128,64,1,1,1,0,0,0,3,4,2,1,16,8,32,89,100,402653184,1099645845504,2731,1.8603,201.58,591112
